SchemaName,ProcedureName,create_date,modify_date
dbo,6vsp_brtfer_transfer_auto_76,2010-09-01 23:18:09.230,2017-04-20 09:07:45.327
dbo,AutoPick,2014-06-02 11:14:09.913,2019-06-28 11:32:31.453
dbo,Camp_NewMonth,2022-08-01 10:14:41.910,2022-10-01 09:49:44.293
dbo,get_hostessgift,2014-05-29 16:25:25.750,2018-08-29 14:05:18.387
dbo,NOP_UpdateExclusiveItemCode,2025-09-29 13:13:30.300,2025-09-29 13:17:48.907
dbo,Over_App,2018-07-19 13:20:19.330,2019-06-24 15:04:02.737
dbo,RE_CLEARLOG,2016-05-30 08:40:25.913,2016-05-30 08:40:25.913
dbo,RE_GLMARK,2023-12-14 15:57:17.163,2023-12-14 16:03:19.807
dbo,Return_App,2018-08-30 16:09:32.683,2018-08-30 16:17:17.673
dbo,Searchinall,2022-06-17 10:37:55.627,2022-06-17 10:37:55.627
dbo,sp_alert_invoiceTracking,2022-05-19 12:34:33.790,2024-05-06 10:32:26.323
dbo,sp_alert_mkMTDSMS,2022-05-19 08:36:43.810,2025-07-02 10:56:11.917
dbo,sp_alert_MTDSMS,2020-11-13 13:11:39.203,2023-01-13 08:20:53.897
dbo,sp_alert_orderstats,2018-09-04 15:32:14.407,2018-09-21 12:43:33.487
dbo,sp_alert_rateofsale,2019-02-20 16:45:13.310,2022-09-07 10:21:23.140
dbo,sp_Alert_TrackingJob,2022-05-20 12:09:42.820,2022-11-16 10:55:22.430
dbo,sp_alterdiagram,2011-07-28 10:46:26.157,2013-08-20 08:16:08.823
dbo,sp_bi_updatesalesmainf,2019-03-07 11:32:39.040,2019-03-07 11:37:17.923
dbo,sp_Camp_AddKit,2022-07-28 17:15:39.273,2022-07-28 17:15:39.273
dbo,sp_Camp_BrandByMonth,2022-06-08 15:20:48.707,2022-06-08 15:20:48.707
dbo,sp_Camp_Build,2022-06-08 17:09:29.413,2022-07-04 16:39:47.317
dbo,sp_Camp_CatSummary,2022-06-08 15:20:50.513,2024-07-04 11:27:55.367
dbo,sp_Camp_Create,2022-07-05 12:59:06.077,2025-07-07 15:24:13.777
dbo,sp_Camp_CreateFromNPD,2022-07-22 13:52:59.090,2025-07-16 11:35:59.490
dbo,sp_Camp_Full,2022-06-08 15:20:51.100,2022-06-08 15:20:51.100
dbo,sp_Camp_GetCamp,2022-06-08 15:20:51.697,2025-12-15 10:10:19.967
dbo,sp_Camp_GetCost,2022-06-08 15:20:52.273,2025-07-18 10:57:10.047
dbo,sp_Camp_GetCurrent,2022-06-08 15:20:52.853,2022-06-08 15:20:52.853
dbo,sp_Camp_getHostessgift,2022-07-14 18:23:09.153,2023-08-31 09:51:24.423
dbo,sp_Camp_GetItemLookups,2022-06-08 14:07:21.960,2025-08-15 10:17:35.347
dbo,sp_Camp_GetPrice,2022-06-08 15:20:54.017,2022-06-08 15:20:54.017
dbo,sp_Camp_GetSku,2022-06-08 15:20:54.597,2023-07-19 12:25:17.060
dbo,sp_Camp_GetSponTypes,2022-06-08 15:20:55.180,2022-06-08 15:20:55.180
dbo,sp_camp_getSPprice,2022-07-13 18:36:00.590,2022-07-13 18:48:06.287
dbo,sp_Camp_SetCat,2022-06-08 15:20:55.800,2023-03-28 17:35:25.670
dbo,sp_Camp_SkuByMonth,2022-06-08 15:20:56.440,2022-06-08 15:20:56.440
dbo,sp_Camp_SkuByMonthVert,2022-06-08 15:20:57.023,2023-07-19 12:22:21.673
dbo,sp_Camp_Sponcat,2022-06-08 15:20:57.607,2022-06-08 15:20:57.607
dbo,sp_Camp_SyncCostAll,2022-08-08 16:20:34.203,2022-08-08 16:29:02.137
dbo,sp_Camp_SyncDescriptions,2022-09-26 11:27:04.103,2022-09-26 11:27:45.650
dbo,sp_Camp_SyncDRP,2022-07-28 12:28:46.787,2022-09-12 16:15:09.747
dbo,sp_Camp_SyncKit,2022-08-08 15:29:32.867,2023-11-29 11:34:46.083
dbo,sp_Camp_SyncKitAll,2022-08-08 15:38:06.200,2022-08-08 15:38:06.200
dbo,sp_Camp_SyncToNam,2022-08-01 18:10:58.170,2022-10-03 11:21:50.303
dbo,sp_Camp_UpdateKits,2022-07-05 17:53:52.310,2022-07-05 17:53:52.310
dbo,sp_Camp_UpdateRefOrders,2022-08-23 10:50:34.493,2022-08-23 10:50:34.493
dbo,sp_Camp_UpdateRefSales,2022-08-23 11:17:35.767,2022-12-06 09:56:03.517
dbo,sp_Camp_UpdateSales,2022-08-05 16:36:35.037,2022-09-12 13:08:56.597
dbo,sp_Camp_UpdateSales_Deprec,2022-06-08 15:20:58.210,2022-08-05 16:30:40.510
dbo,sp_ClearDeactivateData,2022-06-15 16:18:14.493,2022-06-15 16:18:14.493
dbo,sp_ClearInactiveemail,2021-02-09 12:14:04.217,2023-02-21 15:10:52.953
dbo,sp_ClearNoActivity,2022-07-05 13:39:23.520,2023-10-30 13:34:59.273
dbo,sp_creatediagram,2011-07-28 10:46:26.143,2013-08-20 08:16:08.757
dbo,sp_ct_buildtitlesaudit,2016-10-28 11:47:37.023,2016-10-28 11:53:18.107
dbo,sp_ct_downlinebuild,2016-10-26 12:06:21.587,2016-10-28 10:41:06.707
dbo,sp_ct_groupbuild,2016-10-26 12:21:40.697,2017-01-23 07:52:59.047
dbo,sp_ct_Rebates,2018-09-26 10:01:14.653,2022-06-02 17:30:57.223
dbo,sp_ct_statement,2017-01-19 14:30:39.060,2017-01-23 08:00:24.973
dbo,sp_ct_statementALL,2017-01-20 15:56:36.910,2017-01-23 14:45:48.497
dbo,sp_ct_titlebuild,2016-10-28 12:38:56.867,2016-10-31 09:28:04.380
dbo,sp_ct_updatedisc,2017-05-03 10:29:49.853,2020-05-31 10:26:06.620
dbo,sp_ct_updateportaldisc,2017-04-21 09:56:02.867,2017-05-09 13:32:17.263
dbo,sp_dl_icitem_INS,2021-04-14 08:33:26.950,2025-08-14 13:20:11.833
dbo,sp_dl_icWSUpdate_INS,2023-03-01 13:38:43.480,2023-03-07 14:16:53.710
dbo,sp_dl_NPDpending_INS,2022-05-17 09:28:59.647,2022-05-17 09:28:59.647
dbo,sp_dropdiagram,2011-07-28 10:46:26.160,2013-08-20 08:16:08.643
dbo,sp_Fastway_AddManualConsignment,2024-11-07 15:49:17.757,2024-11-08 10:09:56.713
dbo,sp_helpdiagramdefinition,2011-07-28 10:46:26.130,2013-08-20 08:16:08.597
dbo,sp_helpdiagrams,2011-07-28 10:46:26.120,2013-08-20 08:16:08.550
dbo,sp_invoicearcash,2018-05-08 10:44:54.680,2018-05-08 10:44:54.680
dbo,sp_MTDSMS,2020-05-26 12:27:02.137,2022-05-04 10:01:22.680
dbo,sp_NOP_DiscountINS,2024-06-13 10:21:43.317,2024-06-13 10:26:27.420
dbo,sp_NOP_OfferINS,2024-06-13 11:24:23.287,2024-06-13 11:28:46.047
dbo,sp_NOP_OfferListINS,2024-06-13 11:35:00.147,2024-06-13 11:35:00.147
dbo,sp_NOP_syncItemAll,2023-03-20 12:49:08.950,2024-09-03 14:05:33.093
dbo,sp_NOP_syncItemAvailability,2023-03-15 16:31:38.197,2024-09-03 14:01:26.537
dbo,sp_NOP_syncItemChanges,2023-03-15 16:32:40.087,2024-09-03 14:04:00.787
dbo,sp_NOP_syncOrders,2023-03-15 16:34:44.527,2026-01-09 10:55:41.623
dbo,sp_NOP_syncOrderStatus,2023-03-16 17:26:31.877,2024-10-28 12:27:49.750
dbo,sp_NOP_syncSoxitems,2023-08-07 10:10:29.413,2023-09-29 15:13:01.547
dbo,sp_NOP_syncStaff,2023-03-20 12:49:54.687,2023-03-20 12:49:54.687
dbo,sp_PrepareCostUpdate,2022-07-18 17:53:21.097,2025-07-18 11:00:05.143
dbo,sp_recalcBooked,2020-09-04 13:07:16.997,2020-09-04 15:07:38.313
dbo,sp_renamediagram,2011-07-28 10:46:26.153,2013-08-20 08:16:08.500
dbo,sp_report_sales,2019-02-27 18:13:39.023,2019-02-27 18:23:06.200
dbo,sp_rr_postgl,2021-02-18 17:28:06.630,2021-02-18 17:28:06.630
dbo,sp_SendAdminSMS,2025-03-18 10:49:26.417,2025-05-07 10:19:44.023
dbo,sp_TradeGroupBuild,2025-11-05 10:53:44.660,2025-12-01 10:22:10.377
dbo,sp_TradeGroupBuildOld,2024-10-01 13:59:49.050,2025-12-01 10:18:15.877
dbo,sp_updatecampref,2019-03-06 12:23:57.530,2019-03-06 12:23:57.530
dbo,sp_updatecamprefOLD,2019-02-20 11:20:09.930,2019-03-06 12:23:48.233
dbo,sp_upgraddiagrams,2011-07-28 10:46:26.080,2013-08-20 08:16:08.460
dbo,sp_ws_autopickverify,2020-02-26 12:21:20.280,2025-04-11 15:23:37.133
dbo,sp_ws_genfieldeventitems,2021-01-28 09:49:57.160,2021-02-25 16:31:50.173
dbo,sp_ws_gensoxitems,2019-03-01 13:04:37.743,2021-01-23 11:24:46.750
dbo,sp_ws_getactive,2020-06-09 18:20:19.247,2022-05-10 15:59:25.233
dbo,sp_ws_getactive0803,2021-03-08 11:39:09.390,2021-03-08 11:39:09.390
dbo,sp_ws_getactiveCodeOnly,2023-09-29 09:48:21.230,2023-09-29 09:48:21.230
dbo,sp_ws_getactiveNew,2025-05-08 15:25:49.583,2025-05-13 13:14:58.980
dbo,sp_ws_getactiveNew20250512,2021-03-01 14:55:37.087,2025-05-12 11:36:21.877
dbo,sp_WS_GetAvailability,2025-10-31 12:04:49.120,2025-10-31 12:05:45.270
dbo,sp_ws_getavailability_bak0904,2020-09-04 11:36:48.990,2020-09-04 11:36:48.990
dbo,sp_ws_getavailability_code,2020-06-09 08:52:03.693,2020-09-04 11:34:07.633
dbo,sp_ws_getavailability_code_bak0904,2020-09-04 11:33:59.220,2020-09-04 11:33:59.220
dbo,sp_ws_getAvailability_CodeNEW,2025-05-08 15:11:06.020,2025-11-24 13:11:42.530
dbo,sp_ws_getAvailability_CodeNEW20250512,2022-07-13 16:46:37.010,2025-05-12 11:20:45.340
dbo,sp_ws_getavailability_DEPRECIATED,2019-07-02 11:37:57.437,2022-10-04 11:20:55.230
dbo,sp_ws_getavailability_sync,2020-06-11 16:39:01.870,2020-09-04 11:38:12.683
dbo,sp_ws_getavailability_sync_bak0904,2020-09-04 11:37:19.523,2020-09-04 11:37:19.523
dbo,sp_ws_getAvailabilityNEW,2025-05-12 11:40:52.797,2025-11-24 13:10:29.980
dbo,sp_ws_getAvailabilityNEW20250512,2022-07-13 10:45:04.983,2025-05-12 11:40:35.317
dbo,sp_ws_getavailabilityOld,2018-04-20 10:45:08.350,2019-07-02 13:58:18.107
dbo,sp_ws_getavailabilitystatus,2019-04-12 07:52:39.063,2019-05-30 10:05:40.400
dbo,sp_ws_getdontpublish,2020-06-10 15:15:56.783,2020-10-16 13:21:18.727
dbo,sp_ws_getdontpublishNEW,2022-07-14 16:19:39.657,2022-08-05 10:06:37.100
dbo,sp_ws_getinactive,2020-06-09 18:26:41.197,2020-06-09 18:28:13.303
dbo,sp_ws_getkits,2020-10-16 13:37:09.857,2020-10-16 13:37:09.857
dbo,sp_ws_getkitsStage,2021-11-02 09:06:38.240,2021-11-02 09:26:42.717
dbo,sp_ws_getkitsStageNew,2022-07-14 15:52:42.143,2022-07-14 15:52:42.143
dbo,sp_WS_GetMissingBankDetails,2022-11-24 09:48:04.803,2024-03-05 11:38:21.333
dbo,sp_ws_getorderstatus,2020-06-26 10:31:56.717,2024-10-28 11:45:22.017
dbo,sp_ws_getstarter,2022-06-01 13:36:16.603,2022-06-01 13:36:16.603
dbo,sp_ws_getupdates,2023-03-02 13:37:30.657,2023-03-02 16:12:03.683
dbo,sp_ws_getupdatesComplete,2023-03-02 13:51:55.657,2023-03-02 13:55:23.040
dbo,sp_ws_HTTP,2020-06-11 16:15:13.840,2023-03-02 18:54:22.570
dbo,sp_ws_invoicedtickets,2018-12-05 14:29:58.310,2024-07-29 14:09:08.667
dbo,sp_ws_loadcurrentevents,2019-03-01 13:26:16.007,2019-08-20 10:36:59.990
dbo,sp_ws_loadstarter,2022-06-01 13:47:23.827,2023-07-27 12:16:03.410
dbo,sp_ws_ordersLoadAllPaged,2020-04-15 17:22:06.550,2025-08-29 14:54:40.583
dbo,sp_ws_reactivate,2021-10-22 11:25:07.833,2025-11-24 14:24:11.507
dbo,sp_ws_rpt_invoice,2020-08-12 10:07:36.407,2021-07-09 08:58:47.477
dbo,sp_ws_shipaddressverify,2020-05-08 12:07:48.790,2021-11-17 11:26:04.787
dbo,sp_ws_syncAvailability,2020-06-11 16:13:36.857,2020-06-18 13:31:30.020
dbo,sp_ws_syncAvailabilityAll,2020-06-15 11:44:17.733,2020-06-18 15:01:32.613
dbo,sp_ws_SyncImages,2020-06-18 16:47:13.237,2020-06-18 17:43:47.950
dbo,sp_ws_syncItems,2020-06-11 16:17:03.130,2025-03-26 08:53:39.603
dbo,sp_ws_syncItemsAll,2020-06-15 11:41:17.487,2023-03-01 14:01:18.730
dbo,sp_ws_syncsoxitems,2018-11-28 16:05:18.047,2024-08-03 09:05:56.233
dbo,sp_ws_SyncSubs,2021-03-01 15:36:44.317,2022-09-05 13:01:28.400
dbo,sp_ws_UpdateImage,2019-08-08 12:25:13.273,2025-03-26 09:46:22.127
dbo,sp_ws_UpdateImageJob,2019-08-08 13:49:58.710,2019-09-25 15:24:33.433
dbo,sp_ws_UpdateImageNOP,2023-03-22 13:08:36.560,2023-03-22 13:08:36.560
dbo,sp_ws_UpdateImages,2020-06-29 09:37:51.667,2020-06-29 10:39:54.667
dbo,sp_ws_UPdatePostnetStores,2023-04-05 13:19:21.067,2023-04-05 13:37:16.323
dbo,Under_App,2018-07-19 13:17:46.510,2018-08-31 08:23:27.197
dbo,UpdArsavg,2014-02-27 06:48:57.467,2016-10-04 07:56:44.073
dbo,UpdateCustBAL,2019-01-16 13:37:15.240,2019-07-22 18:26:17.677
dbo,UpdateCustOC,2018-05-08 05:15:22.663,2019-06-12 09:57:14.770
dbo,UpdKitStdCost,2014-07-31 14:04:16.003,2018-11-19 10:56:46.740
dbo,UpdKitWeight,2014-10-13 16:05:02.580,2014-10-13 16:05:02.580
dbo,UpdStatus,2014-03-31 13:05:25.483,2014-04-30 08:20:21.353
dbo,vsp_am_addcustomfields,2017-04-14 09:46:22.520,2017-04-14 09:46:22.520
dbo,vsp_am_addday,2017-04-14 09:46:16.973,2017-04-14 09:46:16.973
dbo,vsp_am_apexecsumdrill,2017-04-14 09:46:17.480,2017-04-14 09:46:17.480
dbo,vsp_am_apsummary,2017-04-14 09:46:17.410,2017-04-14 09:46:17.410
dbo,vsp_am_arexecsumdrill,2017-04-14 09:46:17.523,2017-04-14 09:46:17.523
dbo,vsp_am_arsummary,2017-04-14 09:46:17.353,2017-04-14 09:46:17.353
dbo,vsp_am_assignuid,2017-04-14 09:46:16.993,2017-04-14 09:46:16.993
dbo,vsp_am_assignuidnew,2017-04-14 09:46:17.010,2022-06-22 10:34:33.250
dbo,vsp_am_basecurr,2017-04-14 09:46:17.027,2017-04-14 09:46:17.027
dbo,vsp_am_basevariance,2017-04-14 09:46:17.043,2017-04-14 09:46:17.043
dbo,vsp_am_brexecsumdrill,2017-04-14 09:46:17.547,2017-04-14 09:46:17.547
dbo,vsp_am_brsummary,2017-04-14 09:46:17.447,2017-04-14 09:46:17.447
dbo,vsp_am_calcdiscdueday,2017-04-14 09:46:17.063,2017-04-14 09:46:17.063
dbo,vsp_am_calcsalestax,2017-04-14 09:46:17.083,2017-04-14 09:46:17.083
dbo,vsp_am_checkacct,2017-04-14 09:46:17.103,2017-04-14 09:46:17.103
dbo,vsp_am_createamsettings,2017-04-14 09:46:36.200,2017-04-14 09:46:36.200
dbo,vsp_am_createfulltextindex,2017-04-14 09:46:17.670,2017-04-14 09:46:17.670
dbo,vsp_am_docnoexisted,2017-04-14 09:46:17.120,2017-04-14 09:46:17.120
dbo,vsp_am_dropcustomfields,2017-04-14 09:46:22.540,2017-04-14 09:46:22.540
dbo,vsp_am_enableforeignkey,2017-04-14 09:46:17.280,2017-04-14 09:46:17.280
dbo,vsp_am_execsum,2017-04-14 09:46:17.300,2017-04-14 09:46:17.300
dbo,vsp_am_fulltextallowed,2017-04-14 09:46:17.687,2017-04-14 09:46:17.687
dbo,vsp_am_genaudit,2017-04-14 09:46:17.633,2017-04-14 09:46:17.633
dbo,vsp_am_getfundsegpos,2017-04-14 09:46:17.750,2017-04-14 09:46:17.750
dbo,vsp_am_getnewdocno,2017-04-14 09:46:17.160,2017-04-14 09:46:17.160
dbo,vsp_am_getnewudn,2017-04-14 10:26:10.420,2017-04-14 10:26:10.420
dbo,vsp_am_getpostpd,2017-04-14 09:46:17.177,2017-04-14 09:46:17.177
dbo,vsp_am_icexecsumdrill,2017-04-14 09:46:17.563,2017-04-14 09:46:17.563
dbo,vsp_am_icsummary,2017-04-14 09:46:17.427,2017-04-14 09:46:17.427
dbo,vsp_am_ispdclosed,2017-04-14 09:46:17.193,2017-04-14 09:46:17.193
dbo,vsp_am_maxdate,2017-04-14 09:46:17.210,2017-04-14 09:46:17.210
dbo,vsp_am_poexecsumdrill,2017-04-14 09:46:17.583,2017-04-14 09:46:17.583
dbo,vsp_am_posummary,2017-04-14 09:46:17.377,2017-04-14 09:46:17.377
dbo,vsp_am_purge_attachment,2017-04-14 09:46:17.227,2017-04-14 09:46:17.227
dbo,vsp_am_remaudittg,2017-04-14 09:46:17.650,2017-04-14 09:46:17.650
dbo,vsp_am_settings,2017-04-14 09:46:17.247,2017-04-14 09:46:17.247
dbo,vsp_am_settings1,2020-06-15 11:59:53.590,2020-06-15 11:59:53.590
dbo,vsp_am_soexecsumdrill,2017-04-14 09:46:17.607,2017-04-14 09:46:17.607
dbo,vsp_am_sosummary,2017-04-14 09:46:17.323,2017-04-14 09:46:17.323
dbo,vsp_am_speccurr,2017-04-14 09:46:17.263,2017-04-14 09:46:17.263
dbo,vsp_amqaddcom_save_validate,2017-04-14 09:46:17.783,2017-04-14 09:46:17.783
dbo,vsp_amqaddcom_updsubsidiary,2017-04-14 09:46:17.807,2017-04-14 09:46:17.807
dbo,vsp_amqaddcom_validate,2017-04-14 09:46:17.767,2017-04-14 09:46:17.767
dbo,vsp_amqsched_setsqljob,2017-04-14 09:46:17.703,2017-04-14 09:46:17.703
dbo,vsp_amza_aragng,2020-08-14 12:08:46.610,2020-08-14 12:16:49.600
dbo,vsp_ap_adjust_poachg,2017-04-14 09:46:18.160,2017-04-14 09:46:18.160
dbo,vsp_ap_adjust_prepay,2017-04-14 09:46:18.187,2017-04-14 09:46:18.187
dbo,vsp_ap_calcytdpuramt,2017-04-14 09:46:18.207,2017-04-14 09:46:18.207
dbo,vsp_ap_chknovalid,2017-04-14 09:46:18.227,2017-04-14 09:46:18.227
dbo,vsp_ap_epchknovalid,2017-04-14 09:46:19.720,2017-04-14 09:46:19.720
dbo,vsp_ap_getaccrued_amt,2017-04-14 09:46:18.243,2017-04-14 09:46:18.243
dbo,vsp_ap_getaccrued_qty,2017-04-14 09:46:18.263,2017-04-14 09:46:18.263
dbo,vsp_ap_getnewvoucherno,2017-04-14 09:46:18.287,2017-04-14 09:46:18.287
dbo,vsp_ap_getnextvoucherno,2017-04-14 09:46:18.303,2017-04-14 09:46:18.303
dbo,vsp_ap_getrcrinv,2017-04-14 09:46:18.323,2017-04-14 09:46:18.323
dbo,vsp_ap_invoicedrills,2017-04-14 09:46:18.347,2017-04-14 09:46:18.347
dbo,vsp_ap_recalcvend,2017-04-14 09:46:18.367,2017-04-14 09:46:18.367
dbo,vsp_ap_record_pymt,2017-04-14 09:46:18.400,2017-04-14 09:46:18.400
dbo,vsp_ap_record_pymt_bu22July15,2010-04-14 10:01:24.280,2015-07-22 18:51:51.747
dbo,vsp_ap_reverse_accrue_amt,2017-04-14 09:46:18.423,2017-04-14 09:46:18.423
dbo,vsp_ap_reverse_accrue_qty,2017-04-14 09:46:18.440,2017-04-14 09:46:18.440
dbo,vsp_ap_update_1099,2017-04-14 09:46:18.460,2017-04-14 09:46:18.460
dbo,vsp_ap_updreissuedchk,2017-04-14 09:46:19.650,2017-04-14 09:46:19.650
dbo,vsp_ap_venddrills,2017-04-14 09:46:18.500,2017-04-14 09:46:18.500
dbo,vsp_ap_voucherexisted,2017-04-14 09:46:18.520,2017-04-14 09:46:18.520
dbo,vsp_aphcls2_cleanup,2017-04-14 09:46:18.540,2017-04-14 09:46:18.540
dbo,vsp_aphcls2_purge_bpo,2017-04-14 09:46:18.560,2017-04-14 09:46:18.560
dbo,vsp_aphcls2_purge_chk,2017-04-14 09:46:18.587,2017-04-14 09:46:18.587
dbo,vsp_aphcls2_purge_grn,2017-04-14 09:46:18.607,2017-04-14 09:46:18.607
dbo,vsp_aphcls2_purge_invoice,2017-04-14 09:46:18.637,2017-04-14 09:46:18.637
dbo,vsp_aphcls2_purge_po,2017-04-14 09:46:18.657,2017-04-14 09:46:18.657
dbo,vsp_aphcls2_purge_pq,2017-04-14 09:46:18.677,2017-04-14 09:46:18.677
dbo,vsp_aphcls2_purge_recg,2017-04-14 09:46:18.697,2017-04-14 09:46:18.697
dbo,vsp_aphcls2_transfer_bpo,2017-04-14 09:46:18.720,2017-04-14 09:46:18.720
dbo,vsp_aphcls2_transfer_invoice,2017-04-14 09:46:18.757,2017-04-14 09:46:18.757
dbo,vsp_aphcls2_transfer_po,2017-04-14 09:46:18.790,2017-04-14 09:46:18.790
dbo,vsp_aphcls2_transfer_recg,2017-04-14 09:46:18.820,2017-04-14 09:46:18.820
dbo,vsp_aphcls2_update_ctogl,2017-04-14 09:46:18.847,2017-04-14 09:46:18.847
dbo,vsp_aphrevl_getdata,2017-04-14 09:46:18.867,2017-04-14 09:46:18.867
dbo,vsp_apmvchk_oktodelete,2017-04-14 09:46:18.883,2017-04-14 09:46:18.883
dbo,vsp_apmvend_analysis,2017-04-14 09:46:18.907,2017-04-14 09:46:18.907
dbo,vsp_apmvend_copy,2017-04-14 09:46:18.923,2017-04-14 09:46:18.923
dbo,vsp_apmvend_okdel,2017-04-14 09:46:18.947,2017-04-14 09:46:18.947
dbo,vsp_apmvend_validate,2017-04-14 09:46:18.967,2017-04-14 09:46:18.967
dbo,vsp_aptaexp_validate,2017-04-14 09:46:19.703,2017-04-14 09:46:19.703
dbo,vsp_aptchrg_upditemcost,2017-04-14 09:46:18.990,2017-04-14 09:46:18.990
dbo,vsp_aptfer_transfer,2017-04-14 09:46:19.410,2017-04-14 09:46:19.410
dbo,vsp_aptfer_transfer_auto,2017-04-20 08:23:59.597,2017-04-24 14:23:17.620
dbo,vsp_aptfer_transfer_auto_76,2010-09-01 23:16:47.960,2017-04-20 08:02:11.167
dbo,vsp_aptfer_transfer_auto_bu,2011-07-13 18:42:02.767,2013-08-20 08:16:05.713
dbo,vsp_aptfer_validate,2017-04-14 09:46:19.463,2017-04-14 09:46:19.463
dbo,vsp_aptinvc_poinvamt_recgxrate,2017-04-14 09:46:19.480,2017-04-14 09:46:19.480
dbo,vsp_aptinvc_validate,2017-04-14 09:46:19.500,2017-04-14 09:46:19.500
dbo,vsp_aptrcrg_generate,2017-04-14 09:46:19.580,2017-04-14 09:46:19.580
dbo,vsp_aptrvrs_accrxrate,2017-04-14 09:46:19.607,2017-04-14 09:46:19.607
dbo,vsp_ar_addtaxver,2017-04-14 09:46:20.130,2017-04-14 09:46:20.130
dbo,vsp_ar_arstmtbal,2017-04-14 10:26:23.047,2017-04-14 10:26:23.047
dbo,vsp_ar_calcavgpaydays,2017-04-14 09:46:20.150,2017-04-14 09:46:20.150
dbo,vsp_ar_calcytdsalesamt,2017-04-14 09:46:20.173,2017-04-14 09:46:20.173
dbo,vsp_ar_checkpaycode,2017-04-14 09:46:22.413,2017-04-14 09:46:22.413
dbo,vsp_ar_custcravail,2017-04-14 09:46:20.190,2017-04-14 09:46:20.190
dbo,vsp_ar_custdrills,2017-04-14 09:46:20.263,2019-06-12 09:51:31.997
dbo,vsp_ar_getnewcustno,2014-12-09 12:22:45.810,2022-09-10 16:57:36.580
dbo,vsp_ar_getnewjrnlno,2017-04-14 10:26:29.787,2017-04-14 10:26:29.787
dbo,vsp_ar_recalcust,2018-11-11 09:35:36.553,2019-04-06 08:44:22.873
dbo,vsp_ar_recalcust_orig,2017-04-14 09:46:20.300,2019-04-06 08:44:13.383
dbo,vsp_ar_update_icimcp,2017-04-14 09:46:20.317,2017-04-14 09:46:20.317
dbo,vsp_ar_validate_setup,2017-04-14 09:46:20.333,2017-04-14 09:46:20.333
dbo,vsp_arhcls2_cleanup,2017-04-14 09:46:20.353,2017-04-14 09:46:20.353
dbo,vsp_arhcls2_purge_bso,2017-04-14 09:46:20.377,2017-04-14 09:46:20.377
dbo,vsp_arhcls2_purge_invoice,2017-04-14 09:46:20.427,2017-04-14 09:46:20.427
dbo,vsp_arhcls2_purge_lsq,2017-04-14 09:46:20.447,2017-04-14 09:46:20.447
dbo,vsp_arhcls2_purge_payment,2017-04-14 09:46:20.473,2017-04-14 09:46:20.473
dbo,vsp_arhcls2_purge_so,2017-04-14 09:46:20.503,2017-04-14 09:46:20.503
dbo,vsp_arhcls2_purge_sq,2017-04-14 09:46:20.520,2017-04-14 09:46:20.520
dbo,vsp_arhcls2_transfer_bso,2017-04-14 09:46:20.543,2017-04-14 09:46:20.543
dbo,vsp_arhcls2_transfer_invoice,2017-04-14 09:46:20.583,2017-04-14 09:46:20.583
dbo,vsp_arhcls2_transfer_payment,2017-04-14 09:46:20.617,2017-04-14 09:46:20.617
dbo,vsp_arhcls2_transfer_so,2017-04-14 09:46:20.663,2017-04-14 09:46:20.663
dbo,vsp_arhcls2_update_ctogl,2017-04-14 09:46:20.697,2017-04-14 09:46:20.697
dbo,vsp_arhrevl_getdata,2017-04-14 09:46:20.717,2017-04-14 09:46:20.717
dbo,vsp_armcprc_select,2017-04-14 09:46:20.733,2017-04-14 09:46:20.733
dbo,vsp_armcust_analysis,2017-04-14 09:46:20.757,2017-04-14 09:46:20.757
dbo,vsp_armcust_copy,2017-04-14 09:46:20.777,2017-04-14 09:46:20.777
dbo,vsp_armcust_okdel,2017-04-14 09:46:20.803,2017-04-14 09:46:20.803
dbo,vsp_armcust_validate,2017-04-14 09:46:20.823,2017-04-14 09:46:20.823
dbo,vsp_armfchg_adjust,2017-04-14 09:46:20.843,2017-04-14 09:46:20.843
dbo,vsp_armfchg_validate,2017-04-14 09:46:20.863,2017-04-14 09:46:20.863
dbo,vsp_armfrgt_okdel,2017-04-14 09:46:22.220,2017-04-14 09:46:22.220
dbo,vsp_armrevn_okdel,2017-04-14 09:46:20.887,2017-04-14 09:46:20.887
dbo,vsp_armslpn_analysis,2017-04-14 09:46:20.903,2017-04-14 09:46:20.903
dbo,vsp_armuppr_schedule,2017-04-14 09:46:20.923,2017-04-14 09:46:20.923
dbo,vsp_armuppr_update,2017-04-14 09:46:20.943,2017-04-14 09:46:20.943
dbo,vsp_armvadj_void,2017-04-14 09:46:20.970,2017-04-14 09:46:20.970
dbo,vsp_armvapc_voidcashsr,2017-04-14 09:46:21.020,2017-04-14 09:46:21.020
dbo,vsp_armvapc_voidinv,2017-04-14 09:46:21.063,2017-04-14 09:46:21.063
dbo,vsp_armvpmt_custvalid,2017-04-14 09:46:21.093,2017-04-14 09:46:21.093
dbo,vsp_armvpmt_void,2017-04-14 09:46:21.137,2017-04-14 10:40:27.000
dbo,vsp_artapmt_save,2017-04-14 09:46:22.363,2017-04-14 09:46:22.363
dbo,vsp_artapmt_save_updcash,2017-04-14 09:46:22.330,2017-04-14 09:46:22.330
dbo,vsp_artfer_transfer,2017-04-14 09:46:21.510,2017-06-08 10:53:47.030
dbo,vsp_artfer_transfer_auto,2017-04-20 12:05:25.430,2017-04-21 07:28:14.003
dbo,vsp_artfer_transfer_auto_76,2012-03-02 13:57:08.310,2017-04-20 11:35:06.750
dbo,vsp_artfer_transfer_auto_bu,2011-07-13 18:42:41.960,2013-08-20 08:16:03.570
dbo,vsp_artfer_transfer_auto_bu_2March12,2010-09-01 23:17:22.157,2013-08-20 08:16:03.533
dbo,vsp_artfer_transferjrnl,2017-04-14 10:26:43.080,2017-04-14 10:26:43.080
dbo,vsp_artfer_transferjrnl_auto,2017-04-20 12:24:11.043,2017-04-20 12:24:11.043
dbo,vsp_artfer_transferjrnl_auto_76,2010-09-01 23:17:45.670,2017-04-20 12:23:54.860
dbo,vsp_artfer_transferjrnl_auto_bu,2011-07-13 18:43:04.277,2013-08-20 08:16:03.413
dbo,vsp_artfer_validate,2017-04-14 09:46:21.567,2017-04-14 09:46:21.567
dbo,vsp_artfer_validatejrnl,2017-04-14 10:26:36.870,2017-04-14 10:26:36.870
dbo,vsp_artimpt_validateinv,2017-04-14 09:46:21.620,2017-04-14 09:46:21.620
dbo,vsp_artimpt_validatelineitem,2017-04-14 09:46:21.650,2017-04-14 09:46:21.650
dbo,vsp_artinvc_cnlship,2017-04-14 09:46:21.697,2017-04-14 09:46:21.697
dbo,vsp_artinvc_cnlshipacpt,2017-04-14 09:46:22.283,2017-04-14 09:46:22.283
dbo,vsp_artinvc_cnlshipline,2017-04-14 09:46:21.763,2017-04-14 09:46:21.763
dbo,vsp_artinvc_okcopy,2017-04-14 09:46:21.810,2017-04-14 09:46:21.810
dbo,vsp_artinvc_updktsp,2017-04-14 09:46:21.833,2017-04-14 09:46:21.833
dbo,vsp_artinvc_updtsp,2017-04-14 09:46:21.853,2017-04-14 09:46:21.853
dbo,vsp_artinvc_validate,2017-04-14 09:46:21.883,2017-04-14 09:46:21.883
dbo,vsp_artoinv_validate,2017-04-14 10:22:02.317,2017-04-14 10:22:02.317
dbo,vsp_artpymt_save,2017-04-14 09:46:21.933,2017-04-14 10:41:01.180
dbo,vsp_artpymt_save_updcash,2017-04-14 09:46:21.963,2017-04-14 09:46:21.963
dbo,vsp_artpymt_save_updsret,2017-04-14 09:46:21.990,2017-04-14 09:46:21.990
dbo,vsp_artrcrg_generate,2017-04-14 09:46:22.087,2017-04-14 09:46:22.087
dbo,vsp_artrrev_validate,2017-04-14 09:46:22.393,2017-04-14 09:46:22.393
dbo,vsp_artrtrn_initinvoice,2017-04-14 09:46:22.137,2017-06-30 11:25:04.923
dbo,vsp_artrtrn_updtsp,2017-04-14 09:46:22.170,2017-04-14 09:46:22.170
dbo,vsp_artsinv_validate,2017-04-14 09:46:22.197,2017-04-14 09:46:22.197
dbo,vsp_brtfer_transfer,2017-04-14 09:46:22.460,2017-04-14 09:46:22.460
dbo,vsp_brtfer_transfer_auto,2017-04-20 09:12:48.077,2017-04-21 07:29:24.367
dbo,vsp_brtfer_transfer_auto_bu,2011-07-13 18:43:23.757,2013-08-20 08:16:01.987
dbo,vsp_brtfer_validate,2017-04-14 09:46:22.487,2017-04-14 09:46:22.487
dbo,vsp_gl_copybatch,2017-04-14 09:46:22.640,2017-04-14 09:46:22.640
dbo,vsp_gl_getnewbatcno,2017-04-14 09:46:22.657,2017-04-14 09:46:22.657
dbo,vsp_gl_recalcacctbalances,2017-04-14 09:46:22.677,2017-04-14 09:46:22.677
dbo,vsp_gl_updateacct,2017-04-14 09:46:22.697,2017-04-14 09:46:22.697
dbo,vsp_gl_updateacctbal,2017-04-14 09:46:22.710,2017-04-14 09:46:22.710
dbo,vsp_glhbtfr_transfer,2017-04-14 09:46:17.730,2017-04-14 09:46:17.730
dbo,vsp_glhcls2_chkpryearje,2017-04-14 09:46:22.730,2017-04-14 09:46:22.730
dbo,vsp_glhcls2_purgehistorybal,2017-04-14 09:46:22.747,2017-04-14 09:46:22.747
dbo,vsp_glhcls2_purgehistorytrs,2017-04-14 09:46:22.763,2017-04-14 09:46:22.763
dbo,vsp_glhcls2_updpdtable,2017-04-14 09:46:22.780,2017-04-14 09:46:22.780
dbo,vsp_glmacct_okdel,2017-04-14 09:46:22.797,2017-04-14 09:46:22.797
dbo,vsp_gltfer_updateconbalfwd,2017-04-14 09:46:22.840,2017-04-14 09:46:22.840
dbo,vsp_ic_autogetkitno,2017-04-14 09:46:23.087,2017-04-14 09:46:23.087
dbo,vsp_ic_baseqty,2017-04-14 09:46:23.103,2017-04-14 09:46:23.103
dbo,vsp_ic_checkdata,2017-04-14 09:46:24.823,2017-04-14 09:46:24.823
dbo,vsp_ic_checksnkit,2017-04-14 09:46:23.120,2017-04-14 09:46:23.120
dbo,vsp_ic_checksnkitlot,2017-04-14 09:46:23.140,2017-04-14 09:46:23.140
dbo,vsp_ic_cost,2017-04-14 09:46:23.157,2017-04-14 09:46:23.157
dbo,vsp_ic_getavgcost,2017-04-14 09:46:23.187,2017-04-14 09:46:23.187
dbo,vsp_ic_getcontractprice,2017-04-14 09:46:23.203,2017-04-14 09:46:23.203
dbo,vsp_ic_getcurrprice,2017-04-14 09:46:23.220,2017-04-14 09:46:23.220
dbo,vsp_ic_getfifolifo,2017-04-14 09:46:23.243,2017-04-14 09:46:23.243
dbo,vsp_ic_getlastprice,2017-04-14 09:46:23.267,2017-04-14 09:46:23.267
dbo,vsp_ic_getmasterbin,2017-04-14 09:46:23.287,2017-04-14 09:46:23.287
dbo,vsp_ic_getminprice,2017-04-14 09:46:23.307,2017-04-14 09:46:23.307
dbo,vsp_ic_getprice,2017-04-14 09:46:23.327,2017-04-14 09:46:23.327
dbo,vsp_ic_getreceivebin,2017-04-14 09:46:23.347,2017-04-14 09:46:23.347
dbo,vsp_ic_getregprice,2017-04-14 09:46:23.370,2017-04-14 09:46:23.370
dbo,vsp_ic_getspecid,2017-04-14 09:46:23.393,2017-04-14 09:46:23.393
dbo,vsp_ic_getspecificfifolifo,2017-04-14 09:46:24.807,2017-04-14 09:46:24.807
dbo,vsp_ic_invtdrill,2017-04-14 09:46:23.440,2017-04-14 09:46:23.440
dbo,vsp_ic_kit_rcvsp,2017-04-14 09:46:23.463,2017-04-14 09:46:23.463
dbo,vsp_ic_kit_trfsp,2017-04-14 09:46:23.480,2017-04-14 09:46:23.480
dbo,vsp_ic_prcdrills,2017-04-14 10:22:24.273,2017-04-14 10:22:24.273
dbo,vsp_ic_price,2017-04-14 09:46:23.500,2017-04-14 09:46:23.500
dbo,vsp_ic_purge_iadj,2017-04-14 09:46:23.513,2017-04-14 09:46:23.513
dbo,vsp_ic_rebuildicibal,2017-04-14 09:46:24.870,2017-04-14 09:46:24.870
dbo,vsp_ic_recalcbegbalance,2017-04-14 09:46:24.843,2017-04-14 09:46:24.843
dbo,vsp_ic_recalcicst,2017-04-14 09:46:23.537,2017-04-14 09:46:23.537
dbo,vsp_ic_recalcinvn,2017-04-14 09:46:23.560,2017-04-14 09:46:23.560
dbo,vsp_ic_recalciwhs1,2017-04-14 09:46:23.587,2017-04-14 09:46:23.587
dbo,vsp_ic_recalciwhs2,2017-04-14 09:46:23.630,2017-04-14 09:46:23.630
dbo,vsp_ic_rstavgcost,2017-04-14 09:46:23.660,2017-04-14 09:46:23.660
dbo,vsp_ic_rstfifolifo,2017-04-14 09:46:23.690,2017-04-14 09:46:23.690
dbo,vsp_ic_rstspecid,2017-04-14 09:46:23.723,2017-04-14 09:46:23.723
dbo,vsp_ic_transfer_iadj,2017-04-14 09:46:23.743,2017-04-14 09:46:23.743
dbo,vsp_ic_updatecost,2017-04-14 09:46:24.763,2017-04-14 09:46:24.763
dbo,vsp_ic_upditemcost,2017-04-14 09:46:23.767,2017-04-14 09:46:23.767
dbo,vsp_ic_upditemonhand,2017-04-14 09:46:23.803,2017-04-14 09:46:23.803
dbo,vsp_ichcls2_purge_isti,2017-04-14 09:46:23.827,2017-04-14 09:46:23.827
dbo,vsp_ichcls2_purge_itrf,2017-04-14 09:46:23.843,2017-04-14 09:46:23.843
dbo,vsp_ichcls2_purge_log,2017-04-14 09:46:23.860,2017-04-14 09:46:23.860
dbo,vsp_ichcls2_transfer_isti,2017-04-14 09:46:23.877,2017-04-14 09:46:23.877
dbo,vsp_ichcls2_transfer_itrf,2017-04-14 09:46:23.900,2017-04-14 09:46:23.900
dbo,vsp_ichcls2_transfer_log,2017-04-14 09:46:23.927,2017-04-14 09:46:23.927
dbo,vsp_icmiadj_updicilot,2017-04-14 09:46:23.943,2017-04-14 09:46:23.943
dbo,vsp_icmispc_okunused,2017-04-14 09:46:23.960,2017-04-14 09:46:23.960
dbo,vsp_icmitem_analysis,2017-04-14 09:46:23.983,2017-04-14 09:46:23.983
dbo,vsp_icmitem_copy,2017-04-14 09:46:24.000,2017-04-14 09:46:24.000
dbo,vsp_icmitem_glaccts,2017-04-14 09:46:24.017,2017-04-14 09:46:24.017
dbo,vsp_icmitem_okdel,2017-04-14 09:46:24.043,2017-04-14 09:46:24.043
dbo,vsp_icmitem_validate,2017-04-14 09:46:24.060,2017-04-14 09:46:24.060
dbo,vsp_icmitm_okdel_itemwhs,2017-04-14 09:46:24.660,2017-04-14 09:46:24.660
dbo,vsp_icmmcpi_copy,2017-04-14 09:46:24.090,2017-04-14 09:46:24.090
dbo,vsp_icmmcpi_validate,2017-04-14 09:46:24.120,2017-04-14 09:46:24.120
dbo,vsp_icmtype_validate,2017-04-14 09:46:24.140,2017-04-14 09:46:24.140
dbo,vsp_icmvkit_adjust,2017-04-14 09:46:24.160,2017-04-14 09:46:24.160
dbo,vsp_icmvkit_chkiwhs,2017-04-14 09:46:24.180,2017-04-14 09:46:24.180
dbo,vsp_icmvkit_getdetail,2017-04-14 09:46:24.197,2017-04-14 09:46:24.197
dbo,vsp_icmwhse_updicibin,2017-04-14 09:46:24.213,2017-04-14 09:46:24.213
dbo,vsp_icmwhse_updictbin,2017-04-14 09:46:24.230,2017-04-14 09:46:24.230
dbo,vsp_ictaslt_update,2017-04-14 09:46:24.253,2017-04-14 09:46:24.253
dbo,vsp_ictassn_update,2017-04-14 09:46:24.277,2017-04-14 09:46:24.277
dbo,vsp_ictfer_transfer,2017-04-14 09:46:24.320,2017-04-14 09:46:24.320
dbo,vsp_ictfer_transfer_auto,2017-04-20 09:17:18.167,2017-04-21 07:31:15.740
dbo,vsp_ictfer_transfer_auto_bu,2011-07-13 18:43:52.307,2013-08-20 08:15:58.760
dbo,vsp_ictfer_transfer_auto76,2010-09-01 23:18:36.250,2017-04-20 09:14:47.143
dbo,vsp_ictfer_validate,2017-04-14 09:46:24.350,2017-04-14 09:46:24.350
dbo,vsp_ictfrze_freeze,2017-04-14 09:46:24.370,2017-04-14 09:46:24.370
dbo,vsp_ictfrze_validate,2017-04-14 09:46:24.393,2017-04-14 09:46:24.393
dbo,vsp_ictimpc_validate,2017-04-14 09:46:24.790,2017-04-14 09:46:24.790
dbo,vsp_ictimpt_update,2017-04-14 09:46:24.413,2017-04-14 09:46:24.413
dbo,vsp_ictimpt_validatesn,2017-04-14 09:46:24.743,2017-04-14 09:46:24.743
dbo,vsp_ictimpt_validatetxt,2017-04-14 09:46:24.730,2017-04-14 09:46:24.730
dbo,vsp_ictimve_update,2017-04-14 09:46:24.437,2017-04-14 09:46:24.437
dbo,vsp_ictipc2_update,2017-04-14 09:46:24.453,2017-04-14 09:46:24.453
dbo,vsp_ictircv_updicitrf,2017-04-14 09:46:24.473,2017-04-14 09:46:24.473
dbo,vsp_ictircv_updictfsp,2017-04-14 09:46:24.487,2017-04-14 09:46:24.487
dbo,vsp_ictiwtf_getfifolifocost,2017-04-14 09:46:24.680,2017-04-14 09:46:24.680
dbo,vsp_ictiwtf_getfifolifocost_bu10Jun13,2010-04-14 10:01:28.680,2013-08-20 08:15:58.390
dbo,vsp_ictkits_chkonhand,2017-04-14 09:46:24.510,2017-04-14 09:46:24.510
dbo,vsp_ictkits_getnewdocno,2017-04-14 09:46:24.527,2017-04-14 09:46:24.527
dbo,vsp_ictkits_updonhand,2017-04-14 09:46:24.560,2017-04-14 09:46:24.560
dbo,vsp_ictuppc_update,2017-04-14 09:46:24.580,2017-04-14 09:46:24.580
dbo,vsp_ictuppc_updnonsp,2017-04-14 09:46:24.600,2017-04-14 09:46:24.600
dbo,vsp_ictuppc_updsp,2017-04-14 09:46:24.620,2017-04-14 09:46:24.620
dbo,vsp_ictuppc_validate,2017-04-14 09:46:24.640,2017-04-14 09:46:24.640
dbo,vsp_mi_iscircle,2017-04-14 09:46:24.977,2017-04-14 09:46:24.977
dbo,vsp_mi_qtydrills,2017-04-14 09:46:24.997,2017-04-14 09:46:24.997
dbo,vsp_mi_updateonhand,2017-04-14 09:46:25.020,2017-04-14 09:46:25.020
dbo,vsp_miexpl_checkcomp,2017-04-14 09:46:25.040,2017-04-14 09:46:25.040
dbo,vsp_miexpl_chkiciwhs,2017-04-14 09:46:25.057,2017-04-14 09:46:25.057
dbo,vsp_mihcls2_transfer_purge,2017-04-14 09:46:25.083,2017-04-14 09:46:25.083
dbo,vsp_mihcls2_update,2017-04-14 09:46:25.107,2017-04-14 09:46:25.107
dbo,vsp_mihcls2_update_ctogl,2017-04-14 09:46:25.123,2017-04-14 09:46:25.123
dbo,vsp_mimboml_delete,2017-04-14 09:46:25.140,2017-04-14 09:46:25.140
dbo,vsp_mimboml_validate,2017-04-14 09:46:25.160,2017-04-14 09:46:25.160
dbo,vsp_mimlabr_validate,2017-04-14 09:46:25.177,2017-04-14 09:46:25.177
dbo,vsp_mimmach_validate,2017-04-14 09:46:25.193,2017-04-14 09:46:25.193
dbo,vsp_mitfer_transfer,2017-04-14 09:46:25.220,2017-04-14 09:46:25.220
dbo,vsp_mitfer_transfer_auto,2017-04-20 09:22:45.333,2017-04-24 11:05:41.327
dbo,vsp_mitfer_transfer_auto_bu,2011-07-13 18:44:14.513,2013-08-20 08:15:57.643
dbo,vsp_mitfer_transfer_auto76,2010-09-01 23:19:00.767,2017-04-20 09:18:48.857
dbo,vsp_mitfer_validate,2017-04-14 09:46:25.240,2017-04-14 09:46:25.240
dbo,vsp_mitwip1_updtbook,2017-04-14 09:46:25.257,2017-04-14 09:46:25.257
dbo,vsp_mitwor1_copyexploded,2017-04-14 09:46:25.273,2017-04-14 09:46:25.273
dbo,vsp_mitwor1_copyremark,2017-04-14 09:46:25.290,2017-04-14 09:46:25.290
dbo,vsp_mitwor1_okcopy,2017-04-14 09:46:25.317,2017-04-14 09:46:25.317
dbo,vsp_mlm_getnewdocno,2012-07-02 13:23:09.757,2013-08-20 08:15:57.380
dbo,vsp_mlm_getnewmlminvc,2013-01-30 19:46:57.563,2013-08-20 08:15:57.327
dbo,vsp_po_accrue_amt,2017-04-14 09:46:25.517,2017-04-14 09:46:25.517
dbo,vsp_po_accrue_qty,2017-04-14 09:46:25.540,2017-04-14 09:46:25.540
dbo,vsp_po_getlastreccost,2017-04-14 09:46:25.560,2017-04-14 09:46:25.560
dbo,vsp_pohsetu_validate,2017-04-14 09:46:25.577,2017-04-14 09:46:25.577
dbo,vsp_pomcnlg_archive,2017-04-14 09:46:25.613,2017-04-14 09:46:25.613
dbo,vsp_pomcnlg_updtsp,2017-04-14 09:46:25.650,2017-04-14 09:46:25.650
dbo,vsp_potcpbo_cancel,2017-04-14 09:46:25.690,2017-04-14 09:46:25.690
dbo,vsp_potimpt_validatelineitem,2017-04-14 09:46:25.717,2017-04-14 09:46:25.717
dbo,vsp_potimpt_validatepo,2017-04-14 09:46:25.743,2017-04-14 09:46:25.743
dbo,vsp_potpord_okcopy,2017-04-14 09:46:25.770,2017-04-14 09:46:25.770
dbo,vsp_potpord_validate,2017-04-14 09:46:25.793,2017-04-14 09:46:25.793
dbo,vsp_potrecg_initrecgoods,2017-04-14 09:46:25.813,2017-04-14 09:46:25.813
dbo,vsp_pr_chknovalid,2017-04-14 09:46:26.107,2017-04-14 09:46:26.107
dbo,vsp_pr_epchknovalid,2017-04-14 09:46:27.760,2017-04-14 09:46:27.760
dbo,vsp_pr_genbegleavetrs,2017-04-14 09:46:26.133,2017-04-14 09:46:26.133
dbo,vsp_pr_gennewapply,2017-04-14 09:46:26.160,2017-04-14 09:46:26.160
dbo,vsp_pr_getempyrate,2017-04-14 09:46:26.180,2017-04-14 09:46:26.180
dbo,vsp_pr_leavedrills,2017-04-14 09:46:26.200,2017-04-14 09:46:26.200
dbo,vsp_pr_recalempy,2017-04-14 09:46:26.230,2017-04-14 09:46:26.230
dbo,vsp_pr_updateempytier,2017-04-14 09:46:26.250,2017-04-14 09:46:26.250
dbo,vsp_pr_updleaveadj,2017-04-14 09:46:26.273,2017-04-14 09:46:26.273
dbo,vsp_prhcls2_purge_tcad1099,2017-04-14 09:46:26.300,2017-04-14 09:46:26.300
dbo,vsp_prhcls2_purge_trs,2017-04-14 09:46:26.333,2017-04-14 09:46:26.333
dbo,vsp_prhcls2_update_ctogl,2017-04-14 09:46:26.353,2017-04-14 09:46:26.353
dbo,vsp_prmempy_okdel,2017-04-14 09:46:26.373,2017-04-14 09:46:26.373
dbo,vsp_prmvchk_okdel,2017-04-14 09:46:26.397,2017-04-14 09:46:26.397
dbo,vsp_prtfer_transfer,2017-04-14 09:46:26.500,2017-04-14 09:46:26.500
dbo,vsp_prtfer_validate,2017-04-14 09:46:26.530,2017-04-14 09:46:26.530
dbo,vsp_prtitci_validate,2017-04-14 09:46:27.797,2017-04-14 09:46:27.797
dbo,vsp_ra_okcopy,2017-04-14 09:46:27.847,2017-04-14 09:46:27.847
dbo,vsp_ra_ship_validate,2017-04-14 09:46:27.880,2017-04-14 09:46:27.880
dbo,vsp_ra_trsdrills,2017-04-14 09:46:27.903,2017-04-14 09:46:27.903
dbo,vsp_ra_updateonhand,2017-04-14 09:46:27.923,2017-04-14 09:46:27.923
dbo,vsp_rahcls2_purge_rma,2017-04-14 09:46:27.950,2017-04-14 09:46:27.950
dbo,vsp_rahcls2_purge_rtv,2017-04-14 09:46:27.970,2017-04-14 09:46:27.970
dbo,vsp_rahcls2_transfer_radist,2017-04-14 09:46:27.990,2017-04-14 09:46:27.990
dbo,vsp_rahcls2_transfer_rma,2017-04-14 09:46:28.030,2017-04-14 09:46:28.030
dbo,vsp_rahcls2_transfer_rtv,2017-04-14 09:46:28.083,2017-04-14 09:46:28.083
dbo,vsp_rahcls2_update_ctogl,2017-04-14 09:46:28.110,2017-04-14 09:46:28.110
dbo,vsp_rahsetu_validate,2017-04-14 09:46:28.130,2017-04-14 09:46:28.130
dbo,vsp_ratcor1_checkwarranty,2017-04-14 09:46:28.147,2017-04-14 09:46:28.147
dbo,vsp_ratcor1_validate,2017-04-14 09:46:28.170,2017-04-14 09:46:28.170
dbo,vsp_ratcrds_appcr,2017-04-14 09:46:28.197,2017-04-14 09:46:28.197
dbo,vsp_ratcrec_adjust,2017-04-14 09:46:28.220,2017-04-14 09:46:28.220
dbo,vsp_ratfer_transfer,2017-04-14 09:46:28.260,2017-04-14 09:46:28.260
dbo,vsp_ratfer_transfer_auto,2017-04-20 09:27:22.713,2017-04-21 07:32:33.640
dbo,vsp_ratfer_transfer_auto_76,2014-02-07 08:53:09.243,2017-04-20 09:23:59.420
dbo,vsp_ratfer_validate,2017-04-14 09:46:28.283,2017-04-14 09:46:28.283
dbo,vsp_ratvor1_validate,2017-04-14 09:46:28.300,2017-04-14 09:46:28.300
dbo,vsp_rpt_am_settings,2017-04-14 09:46:28.340,2017-04-14 09:46:28.340
dbo,vsp_rpt_amrept_historyexpr,2017-04-14 09:46:28.360,2017-04-14 09:46:28.360
dbo,vsp_rpt_ap1099,2017-04-14 09:46:28.383,2017-04-14 09:46:28.383
dbo,vsp_rpt_ap99pt,2017-04-14 09:46:28.400,2017-04-14 09:46:28.400
dbo,vsp_rpt_ap99rp,2017-04-14 09:46:34.733,2017-04-14 09:46:34.733
dbo,vsp_rpt_apapmt,2017-04-14 09:46:28.420,2017-04-14 09:46:28.420
dbo,vsp_rpt_apcchk,2017-04-14 09:46:28.440,2017-04-14 09:46:28.440
dbo,vsp_rpt_apchks,2017-04-14 09:46:34.770,2017-04-14 09:46:34.770
dbo,vsp_rpt_apchmr,2017-04-14 09:46:28.457,2017-04-14 09:46:28.457
dbo,vsp_rpt_apcont,2017-04-14 09:46:28.473,2017-04-14 09:46:28.473
dbo,vsp_rpt_apcred,2017-04-14 09:46:28.490,2017-04-14 09:46:28.490
dbo,vsp_rpt_apcreq,2017-04-14 09:46:28.510,2017-04-14 09:46:28.510
dbo,vsp_rpt_apctrs,2017-04-14 09:46:35.220,2017-04-14 09:46:35.220
dbo,vsp_rpt_apdinv,2017-04-14 09:46:28.530,2017-04-14 09:46:28.530
dbo,vsp_rpt_apdist,2017-04-14 09:46:28.560,2017-04-14 09:46:28.560
dbo,vsp_rpt_apdloi,2017-04-14 09:46:28.580,2017-04-14 09:46:28.580
dbo,vsp_rpt_apdlpi,2017-04-14 09:46:28.600,2017-04-14 09:46:28.600
dbo,vsp_rpt_apdsct,2017-04-14 09:46:28.620,2017-04-14 09:46:28.620
dbo,vsp_rpt_apdtnt,2017-04-14 09:46:28.637,2017-04-14 09:46:28.637
dbo,vsp_rpt_apepmt,2017-04-14 09:46:34.680,2017-04-14 09:46:34.680
dbo,vsp_rpt_apexpl,2017-04-14 09:46:35.080,2017-04-14 09:46:35.080
dbo,vsp_rpt_apexpr,2017-04-14 09:46:35.100,2017-04-14 09:46:35.100
dbo,vsp_rpt_apexps,2017-04-14 09:46:35.060,2017-04-14 09:46:35.060
dbo,vsp_rpt_apexpv,2017-04-14 09:46:35.040,2017-04-14 09:46:35.040
dbo,vsp_rpt_apfage,2017-04-14 09:46:28.663,2017-04-14 09:46:28.663
dbo,vsp_rpt_apfctr,2017-04-14 09:46:28.680,2017-04-14 09:46:28.680
dbo,vsp_rpt_apfinc,2017-04-14 09:46:28.700,2017-04-14 09:46:28.700
dbo,vsp_rpt_apfpmt,2017-04-14 09:46:28.717,2017-04-14 09:46:28.717
dbo,vsp_rpt_apgnls,2017-04-14 09:46:28.737,2017-04-14 09:46:28.737
dbo,vsp_rpt_aphold,2017-04-14 09:46:28.757,2017-04-14 09:46:28.757
dbo,vsp_rpt_apictl,2017-04-14 09:46:28.773,2017-04-14 09:46:28.773
dbo,vsp_rpt_apidtl,2017-04-14 09:46:28.800,2017-04-14 09:46:28.800
dbo,vsp_rpt_apinpf,2017-04-14 09:46:28.820,2017-04-14 09:46:28.820
dbo,vsp_rpt_apjrnl,2017-04-14 10:23:03.300,2017-04-14 10:23:03.300
dbo,vsp_rpt_apldgr,2017-04-14 09:46:28.843,2017-04-14 09:46:28.843
dbo,vsp_rpt_apochk,2017-04-14 09:46:28.867,2017-04-14 09:46:28.867
dbo,vsp_rpt_appage,2018-08-15 17:53:53.790,2018-08-15 17:53:53.790
dbo,vsp_rpt_apraca,2017-04-14 09:46:28.930,2017-04-14 09:46:28.930
dbo,vsp_rpt_apracq,2017-04-14 09:46:28.950,2017-04-14 09:46:28.950
dbo,vsp_rpt_aprchk,2017-04-14 09:46:28.973,2017-04-14 09:46:28.973
dbo,vsp_rpt_aprcri,2017-04-14 09:46:28.993,2017-04-14 09:46:28.993
dbo,vsp_rpt_apsdsc,2017-04-14 09:46:29.010,2017-04-14 09:46:29.010
dbo,vsp_rpt_apsumm,2017-04-14 09:46:29.030,2017-04-14 09:46:29.030
dbo,vsp_rpt_aptaxa,2017-04-14 09:46:29.050,2017-04-14 09:46:29.050
dbo,vsp_rpt_aptogl,2017-04-14 09:46:29.070,2017-04-14 09:46:29.070
dbo,vsp_rpt_apunap,2017-04-14 09:46:29.087,2017-04-14 09:46:29.087
dbo,vsp_rpt_apvact,2017-04-14 09:46:29.103,2017-04-14 09:46:29.103
dbo,vsp_rpt_apvadr,2017-04-14 09:46:29.120,2017-04-14 09:46:29.120
dbo,vsp_rpt_apvchk,2017-04-14 09:46:29.140,2017-04-14 09:46:29.140
dbo,vsp_rpt_apvend,2017-04-14 09:46:29.160,2017-04-14 09:46:29.160
dbo,vsp_rpt_apvglr,2017-04-14 09:46:29.177,2017-04-14 09:46:29.177
dbo,vsp_rpt_apvn99,2017-04-14 09:46:29.193,2017-04-14 09:46:29.193
dbo,vsp_rpt_apvnpf,2017-04-14 09:46:29.210,2017-04-14 09:46:29.210
dbo,vsp_rpt_aragng,2017-04-14 09:46:29.240,2021-04-08 15:16:22.820
dbo,vsp_rpt_aragng_new,2011-06-15 14:49:40.047,2019-06-03 10:02:36.510
dbo,vsp_rpt_arbkmr,2017-04-14 09:46:29.260,2017-04-14 09:46:29.260
dbo,vsp_rpt_arcact,2017-04-14 09:46:29.277,2017-04-14 09:46:29.277
dbo,vsp_rpt_arcadr,2017-04-14 09:46:29.293,2017-04-14 09:46:29.293
dbo,vsp_rpt_arcash,2017-04-14 09:46:29.313,2017-04-18 15:42:35.400
dbo,vsp_rpt_arcomm,2017-04-14 09:46:29.333,2017-04-14 09:46:29.333
dbo,vsp_rpt_arcont,2017-04-14 09:46:29.350,2017-04-14 09:46:29.350
dbo,vsp_rpt_arcpos,2017-04-14 10:23:10.870,2017-04-19 16:09:39.277
dbo,vsp_rpt_arcred,2017-04-14 09:46:29.367,2017-04-14 09:46:29.367
dbo,vsp_rpt_arctrs,2017-04-14 09:46:29.400,2017-04-14 09:46:29.400
dbo,vsp_rpt_arctsm,2017-04-14 09:46:34.667,2017-04-14 09:46:34.667
dbo,vsp_rpt_arcupf,2017-04-14 09:46:29.420,2017-04-14 09:46:29.420
dbo,vsp_rpt_arcust,2017-04-14 09:46:29.440,2017-04-14 09:46:29.440
dbo,vsp_rpt_ardpst,2017-04-14 09:46:29.460,2017-04-14 09:46:29.460
dbo,vsp_rpt_arepay,2017-04-14 09:46:35.240,2017-04-14 09:46:35.240
dbo,vsp_rpt_arfbal,2017-04-14 09:46:29.480,2017-04-14 09:46:29.480
dbo,vsp_rpt_arfinc,2017-04-14 09:46:29.500,2017-04-14 09:46:29.500
dbo,vsp_rpt_arfrtl,2017-04-14 09:46:29.517,2017-04-14 09:46:29.517
dbo,vsp_rpt_arfrtr,2017-04-14 09:46:29.533,2017-04-14 09:46:29.533
dbo,vsp_rpt_argnls,2017-04-14 09:46:29.553,2017-04-14 09:46:29.553
dbo,vsp_rpt_arinvc,2017-04-14 09:46:29.583,2019-05-27 10:04:28.907
dbo,vsp_rpt_arinvc_bu30Jan13,2011-09-26 19:25:11.643,2013-08-20 08:15:51.593
dbo,vsp_rpt_aritrs,2017-04-14 09:46:29.603,2017-04-14 09:46:29.603
dbo,vsp_rpt_arjrnl,2017-04-14 10:22:42.337,2017-04-14 10:22:42.337
dbo,vsp_rpt_arline,2017-04-14 09:46:29.630,2017-04-14 09:46:29.630
dbo,vsp_rpt_armemo,2017-04-14 09:46:29.650,2017-04-14 09:46:29.650
dbo,vsp_rpt_aropcr,2017-04-14 09:46:29.677,2017-04-14 09:46:29.677
dbo,vsp_rpt_arpkls,2017-04-14 10:26:04.000,2017-04-14 10:26:04.000
dbo,vsp_rpt_arpmtd,2017-04-14 09:46:29.703,2017-04-14 09:46:29.703
dbo,vsp_rpt_arprft,2017-04-14 09:46:29.723,2017-04-14 09:46:29.723
dbo,vsp_rpt_arpycd,2017-04-14 09:46:29.743,2017-04-14 09:46:29.743
dbo,vsp_rpt_arrcpt,2017-04-14 09:46:29.767,2017-04-14 09:46:29.767
dbo,vsp_rpt_arrcri,2017-04-14 09:46:29.787,2017-04-14 09:46:29.787
dbo,vsp_rpt_arrevr,2017-04-14 09:46:35.120,2017-04-14 09:46:35.120
dbo,vsp_rpt_arrevs,2017-04-14 09:46:34.983,2017-04-14 09:46:34.983
dbo,vsp_rpt_arrfnd,2017-04-14 09:46:29.807,2017-04-14 09:46:29.807
dbo,vsp_rpt_arrtrs,2017-04-14 09:46:35.003,2017-04-14 09:46:35.003
dbo,vsp_rpt_arsctr,2019-07-02 11:26:26.837,2019-07-02 11:26:26.837
dbo,vsp_rpt_arslip,2017-04-14 09:46:29.833,2017-04-14 09:46:29.833
dbo,vsp_rpt_arslpf,2017-04-14 09:46:29.853,2017-04-14 09:46:29.853
dbo,vsp_rpt_arslpn,2017-04-14 09:46:29.870,2017-04-14 09:46:29.870
dbo,vsp_rpt_arsrmk,2017-04-14 09:46:29.887,2017-04-14 09:46:29.887
dbo,vsp_rpt_arstat,2017-04-14 09:46:29.910,2017-04-14 09:46:29.910
dbo,vsp_rpt_arstax,2017-04-14 09:46:29.930,2017-04-14 09:46:29.930
dbo,vsp_rpt_arstmt,2017-04-14 09:46:29.960,2019-07-26 05:58:49.657
dbo,vsp_rpt_arstmt_ backup 29062012,2011-08-01 08:02:26.310,2013-08-20 08:15:50.483
dbo,vsp_rpt_arstmt_auto,2019-06-28 07:36:24.707,2019-06-28 07:43:31.943
dbo,vsp_rpt_arstmt_auto_bu28Jun9,2017-08-18 08:18:51.247,2019-06-28 07:35:54.243
dbo,vsp_rpt_arstmt_auto_v7,2013-07-06 13:12:15.677,2017-08-18 08:15:01.817
dbo,vsp_rpt_arstmt_bu,2011-07-29 05:50:57.373,2013-08-20 08:15:50.363
dbo,vsp_rpt_arstmt_bu21Feb13,2012-09-26 08:23:34.167,2013-08-20 08:15:50.293
dbo,vsp_rpt_arstmt_TEST,2020-08-31 14:23:06.607,2020-08-31 14:24:16.380
dbo,vsp_rpt_arsumm,2017-04-14 09:46:29.993,2017-04-14 09:46:29.993
dbo,vsp_rpt_artaxa,2017-04-14 09:46:30.017,2017-04-14 09:46:30.017
dbo,vsp_rpt_artogl,2017-04-14 09:46:30.033,2017-04-14 09:46:30.033
dbo,vsp_rpt_arvrev,2017-04-14 09:46:35.020,2017-04-14 09:46:35.020
dbo,vsp_rpt_brbank,2017-04-14 09:46:30.053,2017-04-14 09:46:30.053
dbo,vsp_rpt_brbkpf,2017-04-14 09:46:30.070,2017-04-14 09:46:30.070
dbo,vsp_rpt_brcchk,2017-04-14 09:46:30.097,2017-04-14 09:46:30.097
dbo,vsp_rpt_brcdis,2017-04-14 09:46:30.113,2017-04-14 09:46:30.113
dbo,vsp_rpt_brcupf,2017-04-14 09:46:30.130,2017-04-14 09:46:30.130
dbo,vsp_rpt_brcurr,2017-04-14 09:46:30.147,2017-04-14 09:46:30.147
dbo,vsp_rpt_bricnv,2017-04-14 09:46:35.307,2017-04-14 09:46:35.307
dbo,vsp_rpt_brimpt,2017-04-14 09:46:35.290,2017-04-14 09:46:35.290
dbo,vsp_rpt_britrs,2017-04-14 09:46:35.273,2017-04-14 09:46:35.273
dbo,vsp_rpt_brlist,2017-04-14 09:46:30.163,2017-04-14 09:46:30.163
dbo,vsp_rpt_brochk,2017-04-14 09:46:30.187,2017-04-14 09:46:30.187
dbo,vsp_rpt_brodis,2017-04-14 09:46:30.207,2017-04-14 09:46:30.207
dbo,vsp_rpt_brposp,2017-04-14 09:46:30.223,2022-04-04 16:33:30.717
dbo,vsp_rpt_brrcrd,2017-04-14 09:46:30.243,2017-04-14 09:46:30.243
dbo,vsp_rpt_brrcrr,2017-04-14 09:46:30.260,2017-04-14 09:46:30.260
dbo,vsp_rpt_brrcrt,2017-04-14 09:46:30.280,2017-04-14 09:46:30.280
dbo,vsp_rpt_brstmt,2017-04-14 09:46:30.300,2017-04-14 09:46:30.300
dbo,vsp_rpt_brtogl,2017-04-14 09:46:30.317,2017-04-14 09:46:30.317
dbo,vsp_rpt_brtrsl,2017-04-14 09:46:30.337,2017-04-14 09:46:30.337
dbo,vsp_rpt_brttyp,2017-04-14 09:46:30.353,2017-04-14 09:46:30.353
dbo,vsp_rpt_brudep,2017-04-14 09:46:30.370,2017-04-14 09:46:30.370
dbo,vsp_rpt_brurec,2017-04-14 09:46:30.390,2017-04-14 09:46:30.390
dbo,vsp_rpt_brutrf,2017-04-14 09:46:30.410,2017-04-14 09:46:30.410
dbo,vsp_rpt_brutrs,2017-04-14 09:46:30.430,2017-04-14 09:46:30.430
dbo,vsp_rpt_brvdep,2017-04-14 09:46:30.450,2017-04-14 09:46:30.450
dbo,vsp_rpt_brvrec,2017-04-14 09:46:30.470,2017-04-14 09:46:30.470
dbo,vsp_rpt_brvtrf,2017-04-14 09:46:30.490,2017-04-14 09:46:30.490
dbo,vsp_rpt_cffield,2017-04-14 09:46:22.557,2017-04-14 09:46:22.557
dbo,vsp_rpt_cffloct,2017-04-14 09:46:22.573,2017-04-14 09:46:22.573
dbo,vsp_rpt_cflkcde,2017-04-14 09:46:22.603,2017-04-14 09:46:22.603
dbo,vsp_rpt_cflktpe,2017-04-14 09:46:22.590,2017-04-14 09:46:22.590
dbo,vsp_rpt_coacty,2017-04-14 09:46:30.510,2017-04-14 09:46:30.510
dbo,vsp_rpt_cobatc,2017-04-14 09:46:30.527,2017-04-14 09:46:30.527
dbo,vsp_rpt_comisc,2017-04-14 09:46:30.540,2017-04-14 09:46:30.540
dbo,vsp_rpt_commasep,2017-04-14 09:46:30.560,2017-04-14 09:46:30.560
dbo,vsp_rpt_costen,2017-04-14 09:46:30.580,2017-04-14 09:46:30.580
dbo,vsp_rpt_cotaxa,2017-04-14 09:46:30.600,2018-10-11 09:15:56.323
dbo,vsp_rpt_cotaxa_bu20Sep16,2016-09-05 07:52:37.563,2016-09-20 09:09:37.727
dbo,vsp_rpt_cotaxa_curr,2010-06-29 10:46:50.643,2016-09-05 08:04:20.040
dbo,vsp_rpt_cotaxa1,2010-04-15 14:55:34.450,2013-08-20 08:15:48.363
dbo,vsp_rpt_cotaxaBU,2010-05-18 10:07:00.357,2013-08-20 08:15:48.310
dbo,vsp_rpt_cotfer,2017-04-14 09:46:30.617,2017-04-14 09:46:30.617
dbo,vsp_rpt_glacct,2017-04-14 09:46:30.637,2017-04-14 09:46:30.637
dbo,vsp_rpt_glacpf,2017-04-14 09:46:30.653,2017-04-14 09:46:30.653
dbo,vsp_rpt_gladis,2017-04-14 09:46:30.670,2017-04-14 09:46:30.670
dbo,vsp_rpt_glagrp,2017-04-14 09:46:30.687,2017-04-14 09:46:30.687
dbo,vsp_rpt_glamap,2017-04-14 09:46:30.703,2017-04-14 09:46:30.703
dbo,vsp_rpt_glbalc,2017-04-14 09:46:30.723,2017-04-14 09:46:30.723
dbo,vsp_rpt_glbalr,2017-04-14 09:46:30.747,2017-04-14 09:46:30.747
dbo,vsp_rpt_glbatc,2017-04-14 09:46:30.763,2017-04-14 09:46:30.763
dbo,vsp_rpt_glbsht,2017-04-14 09:46:30.780,2017-04-14 09:46:30.780
dbo,vsp_rpt_glbudc,2017-04-14 09:46:30.797,2017-04-14 09:46:30.797
dbo,vsp_rpt_glbudl,2017-04-14 09:46:30.817,2017-04-14 09:46:30.817
dbo,vsp_rpt_glbudy,2017-04-14 09:46:30.833,2017-04-14 09:46:30.833
dbo,vsp_rpt_glcaba,2017-04-14 09:46:30.853,2017-04-14 09:46:30.853
dbo,vsp_rpt_glcabr,2017-04-14 09:46:30.870,2017-04-14 09:46:30.870
dbo,vsp_rpt_glcatg,2017-04-14 09:46:30.890,2017-04-14 09:46:30.890
dbo,vsp_rpt_glcbud,2017-04-14 09:46:30.907,2017-04-14 09:46:30.907
dbo,vsp_rpt_glcflw,2017-04-14 09:46:30.953,2017-04-14 09:46:30.953
dbo,vsp_rpt_glclass_addcpdstr,2017-04-14 09:46:30.970,2017-04-14 09:46:30.970
dbo,vsp_rpt_glconh,2017-04-14 09:46:34.803,2017-04-14 09:46:34.803
dbo,vsp_rpt_glcrcd,2017-04-14 09:46:30.993,2017-04-14 09:46:30.993
dbo,vsp_rpt_glfpos,2017-04-14 09:46:31.013,2017-04-14 09:46:31.013
dbo,vsp_rpt_glgstr,2017-04-14 09:46:31.033,2017-04-14 09:46:31.033
dbo,vsp_rpt_glicfl,2017-04-14 09:46:35.187,2017-04-14 09:46:35.187
dbo,vsp_rpt_glismt,2017-04-14 09:46:31.050,2017-04-14 09:46:31.050
dbo,vsp_rpt_gljnrl,2017-04-14 09:46:31.073,2017-04-14 09:46:31.073
dbo,vsp_rpt_gljnrln,2017-04-14 09:46:31.097,2017-04-14 09:46:31.097
dbo,vsp_rpt_glledg,2017-04-14 09:46:31.123,2017-05-04 07:53:23.500
dbo,vsp_rpt_glpdis,2017-04-14 09:46:34.717,2017-04-14 09:46:34.717
dbo,vsp_rpt_glrate,2017-04-14 09:46:31.147,2017-04-14 09:46:31.147
dbo,vsp_rpt_glrept_assignlevel,2017-04-14 09:46:31.163,2017-04-14 09:46:31.163
dbo,vsp_rpt_glrept_calc_ratio,2017-04-14 09:46:31.183,2017-04-14 09:46:31.183
dbo,vsp_rpt_glrept_get_total,2017-04-14 09:46:31.203,2017-04-14 09:46:31.203
dbo,vsp_rpt_glsact,2017-04-14 09:46:31.217,2017-04-14 09:46:31.217
dbo,vsp_rpt_glschd,2017-04-14 09:46:31.237,2017-04-14 09:46:31.237
dbo,vsp_rpt_glscls,2017-04-14 09:46:31.253,2017-04-14 09:46:31.253
dbo,vsp_rpt_glsegv,2017-04-14 09:46:31.270,2017-04-14 09:46:31.270
dbo,vsp_rpt_glsofp,2017-04-14 09:46:34.830,2017-04-14 09:46:34.830
dbo,vsp_rpt_glsumm,2017-04-14 09:46:31.293,2017-04-14 09:46:31.293
dbo,vsp_rpt_gltfer,2017-04-14 09:46:34.787,2017-04-14 09:46:34.787
dbo,vsp_rpt_gltrbl,2017-04-14 09:46:31.310,2017-04-16 11:23:33.447
dbo,vsp_rpt_gltrbl_new,2011-08-11 20:26:12.657,2013-08-20 08:15:46.123
dbo,vsp_rpt_gltrblbu,2011-05-31 10:28:04.420,2013-08-20 08:15:46.080
dbo,vsp_rpt_gltrsf,2017-04-14 09:46:31.330,2017-04-14 09:46:31.330
dbo,vsp_rpt_gltrsn,2017-04-14 09:46:31.350,2017-04-14 09:46:31.350
dbo,vsp_rpt_icasof,2017-04-14 09:46:34.700,2017-04-14 09:46:34.700
dbo,vsp_rpt_icasof_bu,2011-02-15 22:17:01.883,2013-08-20 08:15:45.883
dbo,vsp_rpt_icasof_current,2011-07-12 10:13:51.737,2013-08-20 08:15:45.830
dbo,vsp_rpt_icbasp,2017-04-14 09:46:31.367,2017-04-14 09:46:31.367
dbo,vsp_rpt_icbprc,2017-04-14 09:46:31.383,2017-04-14 09:46:31.383
dbo,vsp_rpt_icbqty,2017-04-14 09:46:31.400,2017-04-14 09:46:31.400
dbo,vsp_rpt_iccall,2017-04-14 09:46:31.420,2017-04-14 09:46:31.420
dbo,vsp_rpt_iccarr,2017-04-14 09:46:31.437,2017-04-14 09:46:31.437
dbo,vsp_rpt_iccost,2017-04-14 09:46:31.453,2017-04-14 09:46:31.453
dbo,vsp_rpt_iccrpc,2017-04-14 09:46:31.470,2017-04-14 09:46:31.470
dbo,vsp_rpt_icctpf,2017-04-14 09:46:31.490,2017-04-14 09:46:31.490
dbo,vsp_rpt_iccvar,2017-04-14 09:46:24.710,2017-04-14 09:46:24.710
dbo,vsp_rpt_icfili,2017-04-14 09:46:31.507,2017-04-14 09:46:31.507
dbo,vsp_rpt_iciadj,2017-04-14 09:46:31.527,2017-04-14 09:46:31.527
dbo,vsp_rpt_icilot,2017-04-14 09:46:31.547,2017-04-14 09:46:31.547
dbo,vsp_rpt_icimcp,2017-04-14 09:46:31.560,2017-04-14 09:46:31.560
dbo,vsp_rpt_icisle,2017-04-14 10:23:19.770,2017-04-14 10:23:19.770
dbo,vsp_rpt_icispc,2017-04-14 09:46:31.577,2017-04-14 09:46:31.577
dbo,vsp_rpt_icissu,2017-04-14 09:46:31.600,2017-04-14 09:46:31.600
dbo,vsp_rpt_icisti,2017-04-14 09:46:31.620,2017-04-14 09:46:31.620
dbo,vsp_rpt_icitir,2017-04-14 09:46:31.637,2017-04-14 09:46:31.637
dbo,vsp_rpt_icitpf,2017-04-14 09:46:31.657,2017-04-14 09:46:31.657
dbo,vsp_rpt_icitrf,2017-04-14 09:46:31.680,2017-04-14 09:46:31.680
dbo,vsp_rpt_iciwtf,2017-04-14 09:46:31.707,2017-04-14 09:46:31.707
dbo,vsp_rpt_ickitf,2017-04-14 09:46:31.723,2017-04-14 09:46:31.723
dbo,vsp_rpt_ickrqt,2017-04-14 09:46:35.203,2017-04-14 09:46:35.203
dbo,vsp_rpt_icktpf,2017-04-14 09:46:31.760,2017-04-14 09:46:31.760
dbo,vsp_rpt_icktrs,2017-04-14 09:46:31.783,2017-04-14 09:46:31.783
dbo,vsp_rpt_iclist,2017-04-14 09:46:31.800,2017-04-14 09:46:31.800
dbo,vsp_rpt_iclqls,2017-04-14 09:46:31.817,2017-04-14 09:46:31.817
dbo,vsp_rpt_iclser,2017-04-14 09:46:31.833,2017-04-14 09:46:31.833
dbo,vsp_rpt_icmbrr,2017-04-14 09:46:31.853,2017-04-14 09:46:31.853
dbo,vsp_rpt_icmove,2017-04-14 09:46:31.873,2017-04-14 09:46:31.873
dbo,vsp_rpt_icmprc,2017-04-14 09:46:31.893,2017-04-14 09:46:31.893
dbo,vsp_rpt_icpclr,2017-04-14 09:46:31.910,2017-04-14 09:46:31.910
dbo,vsp_rpt_icpocand,2010-05-24 21:54:30.420,2017-04-14 10:37:12.050
dbo,vsp_rpt_icprce,2017-04-14 09:46:31.927,2017-04-14 09:46:31.927
dbo,vsp_rpt_icqlst,2017-04-14 09:46:31.947,2017-04-14 09:46:31.947
dbo,vsp_rpt_icrevn,2017-04-14 09:46:31.963,2017-04-14 09:46:31.963
dbo,vsp_rpt_icritr,2017-04-14 09:46:31.980,2017-04-14 09:46:31.980
dbo,vsp_rpt_icrodr,2017-04-14 09:46:31.997,2017-04-14 09:46:31.997
dbo,vsp_rpt_icsern,2017-04-14 09:46:32.010,2017-04-14 09:46:32.010
dbo,vsp_rpt_icserr,2017-04-14 09:46:32.030,2017-04-14 09:46:32.030
dbo,vsp_rpt_icslst,2017-04-14 09:46:32.047,2017-04-14 09:46:32.047
dbo,vsp_rpt_icspec,2017-04-14 09:46:32.063,2017-04-14 09:46:32.063
dbo,vsp_rpt_icspid,2017-04-14 09:46:32.080,2017-04-14 09:46:32.080
dbo,vsp_rpt_icsvar,2010-05-24 21:55:02.023,2017-04-14 10:39:13.603
dbo,vsp_rpt_ictogl,2017-04-14 09:46:32.097,2017-04-14 09:46:32.097
dbo,vsp_rpt_ictrsl,2017-04-14 09:46:32.117,2017-04-14 09:46:32.117
dbo,vsp_rpt_ictype,2017-04-14 09:46:32.133,2017-04-14 09:46:32.133
dbo,vsp_rpt_iculst,2017-04-14 09:46:32.150,2017-04-14 09:46:32.150
dbo,vsp_rpt_icunit,2017-04-14 09:46:32.167,2017-04-14 09:46:32.167
dbo,vsp_rpt_icvarn,2017-04-14 09:46:32.183,2017-04-20 18:31:12.827
dbo,vsp_rpt_icvprc,2017-04-14 09:46:32.200,2017-04-14 09:46:32.200
dbo,vsp_rpt_icvtpf,2017-04-14 09:46:32.217,2017-04-14 09:46:32.217
dbo,vsp_rpt_icwlst,2017-04-14 09:46:32.233,2017-04-14 09:46:32.233
dbo,vsp_rpt_icwsht,2017-04-14 09:46:32.250,2017-04-14 09:46:32.250
dbo,vsp_rpt_lblcodt,2017-04-14 09:46:32.270,2017-04-14 09:46:32.270
dbo,vsp_rpt_lblcust,2017-04-14 09:46:32.287,2017-04-14 09:46:32.287
dbo,vsp_rpt_lblempy,2017-04-14 09:46:32.303,2017-04-14 09:46:32.303
dbo,vsp_rpt_lblfjob,2017-04-14 09:46:32.320,2017-04-14 09:46:32.320
dbo,vsp_rpt_lblinvc,2017-04-14 09:46:32.337,2017-04-14 09:46:32.337
dbo,vsp_rpt_lblitem,2017-04-14 09:46:32.357,2017-04-14 09:46:32.357
dbo,vsp_rpt_lbllabr,2017-04-14 09:46:32.373,2017-04-14 09:46:32.373
dbo,vsp_rpt_lblmach,2017-04-14 09:46:32.390,2017-04-14 09:46:32.390
dbo,vsp_rpt_lblrma,2017-04-14 09:46:32.410,2017-04-14 09:46:32.410
dbo,vsp_rpt_lblrtv,2017-04-14 09:46:32.427,2017-04-14 09:46:32.427
dbo,vsp_rpt_lblsord,2017-04-14 09:46:32.443,2017-04-14 09:46:32.443
dbo,vsp_rpt_lblvend,2017-04-14 09:46:32.460,2017-04-14 09:46:32.460
dbo,vsp_rpt_miallo,2017-04-14 09:46:32.480,2017-04-14 09:46:32.480
dbo,vsp_rpt_mianls,2017-04-14 09:46:32.497,2017-04-14 09:46:32.497
dbo,vsp_rpt_miboml,2017-04-14 09:46:32.520,2017-04-14 09:46:32.520
dbo,vsp_rpt_mibord,2017-04-14 09:46:32.537,2017-04-14 09:46:32.537
dbo,vsp_rpt_miexpl,2017-04-14 09:46:32.553,2017-04-14 09:46:32.553
dbo,vsp_rpt_mifnsh,2017-04-14 09:46:32.570,2017-04-14 09:46:32.570
dbo,vsp_rpt_milapp,2017-04-14 09:46:32.590,2017-04-14 09:46:32.590
dbo,vsp_rpt_milbpf,2017-04-14 09:46:32.607,2017-04-14 09:46:32.607
dbo,vsp_rpt_milsch,2017-04-14 09:46:32.623,2017-04-14 09:46:32.623
dbo,vsp_rpt_milset,2017-04-14 09:46:32.640,2017-04-14 09:46:32.640
dbo,vsp_rpt_milusg,2017-04-14 09:46:32.653,2017-04-14 09:46:32.653
dbo,vsp_rpt_mimapp,2017-04-14 09:46:32.670,2017-04-14 09:46:32.670
dbo,vsp_rpt_mimcpf,2017-04-14 09:46:32.690,2017-04-14 09:46:32.690
dbo,vsp_rpt_mimreq,2017-04-14 09:46:32.710,2017-04-14 09:46:32.710
dbo,vsp_rpt_mimsch,2017-04-14 09:46:32.730,2017-04-14 09:46:32.730
dbo,vsp_rpt_mimset,2017-04-14 09:46:32.747,2017-04-14 09:46:32.747
dbo,vsp_rpt_mimusg,2017-04-14 09:46:32.763,2017-04-14 09:46:32.763
dbo,vsp_rpt_miovhl,2017-04-14 09:46:32.777,2017-04-14 09:46:32.777
dbo,vsp_rpt_mipcom,2017-04-14 09:46:32.793,2017-04-14 09:46:32.793
dbo,vsp_rpt_miprte,2017-04-14 09:46:32.817,2017-04-14 09:46:32.817
dbo,vsp_rpt_mipvar,2017-04-14 09:46:32.833,2017-04-14 09:46:32.833
dbo,vsp_rpt_mireqp,2017-04-14 09:46:32.853,2017-04-14 09:46:32.853
dbo,vsp_rpt_mirrte,2017-04-14 09:46:32.877,2017-04-14 09:46:32.877
dbo,vsp_rpt_miruse,2017-04-14 09:46:32.893,2017-04-14 09:46:32.893
dbo,vsp_rpt_misrmk,2017-04-14 09:46:32.910,2017-04-14 09:46:32.910
dbo,vsp_rpt_mistat,2017-04-14 09:46:32.927,2017-04-14 09:46:32.927
dbo,vsp_rpt_mitogl,2017-04-14 09:46:32.943,2017-04-14 09:46:32.943
dbo,vsp_rpt_miuxpl,2017-04-14 09:46:32.960,2017-04-14 09:46:32.960
dbo,vsp_rpt_miwips,2017-04-14 09:46:32.980,2017-04-14 09:46:32.980
dbo,vsp_rpt_miword,2017-04-14 09:46:33.000,2017-04-14 09:46:33.000
dbo,vsp_rpt_miwuse,2017-04-14 09:46:33.017,2017-04-14 09:46:33.017
dbo,vsp_rpt_poacca,2017-04-14 09:46:33.037,2017-04-14 09:46:33.037
dbo,vsp_rpt_poaccq,2017-04-14 09:46:33.057,2017-04-14 09:46:33.057
dbo,vsp_rpt_poachg,2017-04-14 09:46:33.080,2017-04-14 09:46:33.080
dbo,vsp_rpt_poatrs,2017-04-14 09:46:33.103,2017-04-14 09:46:33.103
dbo,vsp_rpt_poblin,2017-04-14 09:46:33.127,2017-04-14 09:46:33.127
dbo,vsp_rpt_pobord,2017-04-14 09:46:33.147,2017-04-14 09:46:33.147
dbo,vsp_rpt_pobsum,2017-04-14 09:46:33.167,2017-04-14 09:46:33.167
dbo,vsp_rpt_pocanc,2017-04-14 09:46:33.187,2017-04-14 09:46:33.187
dbo,vsp_rpt_pochrg,2017-04-14 09:46:33.210,2017-04-14 09:46:33.210
dbo,vsp_rpt_pocnlg,2017-04-14 09:46:33.237,2017-04-14 09:46:33.237
dbo,vsp_rpt_pogrn,2017-04-14 09:46:22.860,2017-04-26 12:04:44.280
dbo,vsp_rpt_polabel,2017-04-14 10:22:52.413,2017-04-14 10:22:52.413
dbo,vsp_rpt_poline,2017-04-14 09:46:33.260,2017-04-14 09:46:33.260
dbo,vsp_rpt_polrco,2017-04-14 09:46:33.277,2017-04-14 09:46:33.277
dbo,vsp_rpt_poporb,2017-04-14 09:46:33.300,2017-04-14 09:46:33.300
dbo,vsp_rpt_popord,2017-04-14 09:46:33.327,2020-05-20 15:41:23.487
dbo,vsp_rpt_popordback,2011-06-14 14:22:40.817,2013-08-20 08:15:39.507
dbo,vsp_rpt_porecg,2017-04-14 09:46:33.350,2017-05-04 01:40:10.983
dbo,vsp_rpt_porelb,2017-04-14 09:46:33.373,2017-04-14 09:46:33.373
dbo,vsp_rpt_poreqr,2017-04-14 09:46:33.393,2017-04-14 09:46:33.393
dbo,vsp_rpt_posrmk,2017-04-14 09:46:33.410,2017-04-14 09:46:33.410
dbo,vsp_rpt_posumm,2017-04-14 09:46:33.430,2017-04-14 09:46:33.430
dbo,vsp_rpt_pr1099,2017-04-14 09:46:26.547,2017-04-14 09:46:26.547
dbo,vsp_rpt_pr940e,2017-04-14 09:46:26.573,2017-04-14 09:46:26.573
dbo,vsp_rpt_pr941q,2017-04-14 09:46:26.613,2017-04-14 09:46:26.613
dbo,vsp_rpt_praddp,2017-04-14 09:46:26.637,2017-04-14 09:46:26.637
dbo,vsp_rpt_praddr,2017-04-14 09:46:26.653,2017-04-14 09:46:26.653
dbo,vsp_rpt_prageb,2017-04-14 09:46:26.670,2017-04-14 09:46:26.670
dbo,vsp_rpt_prapmt,2017-04-14 09:46:26.700,2017-04-14 09:46:26.700
dbo,vsp_rpt_pratax,2017-04-14 09:46:26.727,2017-04-14 09:46:26.727
dbo,vsp_rpt_prcchk,2017-04-14 09:46:26.743,2017-04-14 09:46:26.743
dbo,vsp_rpt_prchks,2017-04-14 09:46:26.760,2017-04-14 09:46:26.760
dbo,vsp_rpt_prdedt,2017-04-14 09:46:26.777,2017-04-14 09:46:26.777
dbo,vsp_rpt_prdedu,2017-04-14 09:46:26.793,2017-04-14 09:46:26.793
dbo,vsp_rpt_prdept,2017-04-14 09:46:26.807,2017-04-14 09:46:26.807
dbo,vsp_rpt_prdpta,2017-04-14 09:46:26.827,2017-04-14 09:46:26.827
dbo,vsp_rpt_prdstx,2017-04-14 09:46:26.840,2017-04-14 09:46:26.840
dbo,vsp_rpt_prearn,2017-04-14 09:46:26.860,2017-04-14 09:46:26.860
dbo,vsp_rpt_precde,2017-04-14 09:46:26.880,2017-04-14 09:46:26.880
dbo,vsp_rpt_predpl,2017-04-14 09:46:26.897,2017-04-14 09:46:26.897
dbo,vsp_rpt_preeo1,2017-04-14 09:46:26.913,2017-04-14 09:46:26.913
dbo,vsp_rpt_preeo4,2017-04-14 09:46:26.933,2017-04-14 09:46:26.933
dbo,vsp_rpt_preeor,2017-04-14 09:46:26.950,2017-04-14 09:46:26.950
dbo,vsp_rpt_premec,2017-04-14 09:46:26.967,2017-04-14 09:46:26.967
dbo,vsp_rpt_prempd,2017-04-14 09:46:26.980,2017-04-14 09:46:26.980
dbo,vsp_rpt_prempe,2017-04-14 09:46:27.000,2017-04-14 09:46:27.000
dbo,vsp_rpt_prempg,2017-04-14 09:46:27.013,2017-04-14 09:46:27.013
dbo,vsp_rpt_prempl,2017-04-14 09:46:27.033,2017-04-14 09:46:27.033
dbo,vsp_rpt_prempy,2017-04-14 09:46:27.053,2017-04-14 09:46:27.053
dbo,vsp_rpt_premw2,2017-04-14 09:46:27.073,2017-04-14 09:46:27.073
dbo,vsp_rpt_prepbc,2017-04-14 09:46:27.090,2017-04-14 09:46:27.090
dbo,vsp_rpt_prepmt,2017-04-14 09:46:27.103,2017-04-14 09:46:27.103
dbo,vsp_rpt_pretrs,2017-04-14 09:46:27.120,2017-04-14 09:46:27.120
dbo,vsp_rpt_prlcqw,2017-04-14 09:46:27.143,2017-04-14 09:46:27.143
dbo,vsp_rpt_prleav,2017-04-14 09:46:27.163,2017-04-14 09:46:27.163
dbo,vsp_rpt_prliab,2017-04-14 09:46:27.180,2017-04-14 09:46:27.180
dbo,vsp_rpt_prltrs,2017-04-14 09:46:27.200,2017-04-14 09:46:27.200
dbo,vsp_rpt_prmisc,2017-04-14 09:46:27.747,2017-04-14 09:46:27.747
dbo,vsp_rpt_prmtch,2017-04-14 09:46:27.217,2017-04-14 09:46:27.217
dbo,vsp_rpt_prmtrs,2017-04-14 09:46:27.233,2017-04-14 09:46:27.233
dbo,vsp_rpt_prochk,2017-04-14 09:46:27.250,2017-04-14 09:46:27.250
dbo,vsp_rpt_prpaye,2017-04-14 09:46:27.267,2017-04-14 09:46:27.267
dbo,vsp_rpt_prpcwk,2017-04-14 09:46:27.283,2017-04-14 09:46:27.283
dbo,vsp_rpt_prproc_addw2record,2017-04-14 09:46:27.320,2017-04-14 09:46:27.320
dbo,vsp_rpt_prpsnl,2017-04-14 09:46:27.337,2017-04-14 09:46:27.337
dbo,vsp_rpt_prpwrk,2017-04-14 09:46:27.353,2017-04-14 09:46:27.353
dbo,vsp_rpt_prqtax,2017-04-14 09:46:27.377,2017-04-14 09:46:27.377
dbo,vsp_rpt_prqwc9,2017-04-14 09:46:27.730,2017-04-14 09:46:27.730
dbo,vsp_rpt_prqwca,2017-04-14 09:46:27.393,2017-04-14 09:46:27.393
dbo,vsp_rpt_prqwxx,2017-04-14 09:46:27.410,2017-04-14 09:46:27.410
dbo,vsp_rpt_prr099,2017-04-14 09:46:27.427,2017-04-14 09:46:27.427
dbo,vsp_rpt_prrept_getw2data,2017-04-14 09:46:27.450,2017-04-14 09:46:27.450
dbo,vsp_rpt_prrevw,2017-04-14 09:46:27.467,2017-04-14 09:46:27.467
dbo,vsp_rpt_prstqw,2017-04-14 09:46:27.493,2017-04-14 09:46:27.493
dbo,vsp_rpt_prtaxd,2017-04-14 09:46:27.513,2017-04-14 09:46:27.513
dbo,vsp_rpt_prtcrd,2017-04-14 09:46:27.533,2017-04-14 09:46:27.533
dbo,vsp_rpt_prtogl,2017-04-14 09:46:27.553,2017-04-14 09:46:27.553
dbo,vsp_rpt_prvchk,2017-04-14 09:46:27.570,2017-04-14 09:46:27.570
dbo,vsp_rpt_prw2,2017-04-14 09:46:27.610,2017-04-14 09:46:27.610
dbo,vsp_rpt_prw4tx,2017-04-14 09:46:27.630,2017-04-14 09:46:27.630
dbo,vsp_rpt_prwage,2017-04-14 09:46:27.647,2017-04-14 09:46:27.647
dbo,vsp_rpt_prwcde,2017-04-14 09:46:27.663,2017-04-14 09:46:27.663
dbo,vsp_rpt_prwcom,2017-04-14 09:46:27.680,2017-04-14 09:46:27.680
dbo,vsp_rpt_prwgrp,2017-04-14 09:46:27.697,2017-04-14 09:46:27.697
dbo,vsp_rpt_prwork,2017-04-14 09:46:27.713,2017-04-14 09:46:27.713
dbo,vsp_rpt_racbor,2017-04-14 09:46:33.453,2017-04-14 09:46:33.453
dbo,vsp_rpt_racchg,2017-04-14 09:46:33.477,2017-04-14 09:46:33.477
dbo,vsp_rpt_raccmp,2017-04-14 09:46:33.500,2017-04-14 09:46:33.500
dbo,vsp_rpt_raccnl,2017-04-14 09:46:33.520,2017-04-14 09:46:33.520
dbo,vsp_rpt_racinv,2017-04-14 09:46:33.543,2017-04-14 09:46:33.543
dbo,vsp_rpt_raclin,2017-04-14 09:46:33.570,2017-04-14 09:46:33.570
dbo,vsp_rpt_raclpn,2017-04-14 09:46:33.587,2017-04-14 09:46:33.587
dbo,vsp_rpt_raclst,2017-04-14 09:46:33.610,2017-04-14 09:46:33.610
dbo,vsp_rpt_racord,2017-04-14 09:46:33.633,2017-04-14 10:39:29.063
dbo,vsp_rpt_racrds,2017-04-14 09:46:33.650,2017-04-14 09:46:33.650
dbo,vsp_rpt_racrec,2017-04-14 09:46:33.677,2017-04-14 09:46:33.677
dbo,vsp_rpt_racsgl,2017-04-14 09:46:33.693,2017-04-14 09:46:33.693
dbo,vsp_rpt_racshp,2017-04-14 09:46:33.717,2017-04-14 09:46:33.717
dbo,vsp_rpt_racsum,2017-04-14 09:46:33.737,2017-04-14 09:46:33.737
dbo,vsp_rpt_radiql,2017-04-14 09:46:33.753,2017-04-14 09:46:33.753
dbo,vsp_rpt_raiadj,2017-04-14 09:46:33.770,2017-04-14 09:46:33.770
dbo,vsp_rpt_raitrf,2017-04-14 09:46:33.787,2017-04-14 09:46:33.787
dbo,vsp_rpt_raivwr,2017-04-14 09:46:33.803,2017-04-14 09:46:33.803
dbo,vsp_rpt_raiwrn,2017-04-14 09:46:33.820,2017-04-14 09:46:33.820
dbo,vsp_rpt_rarprc,2017-04-14 09:46:33.837,2017-04-14 09:46:33.837
dbo,vsp_rpt_rartcd,2017-04-14 09:46:33.853,2017-04-14 09:46:33.853
dbo,vsp_rpt_rasrmk,2017-04-14 09:46:33.870,2017-04-14 09:46:33.870
dbo,vsp_rpt_ratogl,2017-04-14 09:46:33.887,2017-04-14 09:46:33.887
dbo,vsp_rpt_ravbor,2017-04-14 09:46:33.910,2017-04-14 09:46:33.910
dbo,vsp_rpt_ravcgl,2017-04-14 09:46:33.930,2017-04-14 09:46:33.930
dbo,vsp_rpt_ravcmp,2017-04-14 09:46:33.950,2017-04-14 09:46:33.950
dbo,vsp_rpt_ravcnl,2017-04-14 09:46:33.970,2017-04-14 09:46:33.970
dbo,vsp_rpt_ravlin,2017-04-14 09:46:33.997,2017-04-14 09:46:33.997
dbo,vsp_rpt_ravlst,2017-04-14 09:46:34.020,2017-04-14 09:46:34.020
dbo,vsp_rpt_ravord,2017-04-14 09:46:34.043,2017-04-14 09:46:34.043
dbo,vsp_rpt_ravrec,2017-04-14 09:46:34.067,2017-04-14 09:46:34.067
dbo,vsp_rpt_ravrgl,2017-04-14 09:46:34.087,2017-04-14 09:46:34.087
dbo,vsp_rpt_ravsgl,2017-04-14 09:46:34.107,2017-04-14 09:46:34.107
dbo,vsp_rpt_ravshp,2017-04-14 09:46:34.133,2017-04-14 09:46:34.133
dbo,vsp_rpt_ravsum,2017-04-14 09:46:34.153,2017-04-14 09:46:34.153
dbo,vsp_rpt_rawsht,2017-04-14 09:46:34.170,2017-04-14 09:46:34.170
dbo,vsp_rpt_rbtmlm,2012-10-17 05:51:58.650,2013-08-20 08:15:34.087
dbo,vsp_rpt_reqfor,2021-07-21 08:58:36.610,2021-07-21 09:48:23.070
dbo,vsp_rpt_reqfor_bu12Dec18,2010-05-24 21:55:29.647,2018-12-12 07:33:00.013
dbo,vsp_rpt_reqfor_bu21July21,2021-07-08 13:56:52.457,2021-07-21 09:48:16.650
dbo,vsp_rpt_reqfor_bu26Mar20,2018-12-12 07:33:33.007,2020-03-26 07:24:30.007
dbo,vsp_rpt_reqfor_BU8July21,2020-03-25 10:20:13.200,2021-07-08 14:08:46.333
dbo,vsp_rpt_reqfor_MOD,2021-07-08 14:19:40.123,2021-07-08 14:19:40.123
dbo,vsp_rpt_reqfor_NEW,2021-04-16 07:16:36.273,2021-04-16 07:16:36.273
dbo,vsp_rpt_soadvb,2017-04-14 09:46:34.193,2017-04-14 09:46:34.193
dbo,vsp_rpt_soalin,2017-04-14 09:46:34.217,2017-04-14 09:46:34.217
dbo,vsp_rpt_soalst,2017-04-14 09:46:34.240,2017-04-14 09:46:34.240
dbo,vsp_rpt_soasum,2017-04-14 09:46:34.257,2017-04-14 09:46:34.257
dbo,vsp_rpt_soblin,2017-04-14 09:46:34.280,2017-04-14 09:46:34.280
dbo,vsp_rpt_sobsum,2017-04-14 09:46:34.300,2017-04-14 09:46:34.300
dbo,vsp_rpt_socrhd,2017-04-14 09:46:34.753,2017-04-14 09:46:34.753
dbo,vsp_rpt_soctrs,2017-04-14 09:46:34.320,2017-04-14 09:46:34.320
dbo,vsp_rpt_sodsin,2017-04-14 09:46:34.870,2017-04-14 09:46:34.870
dbo,vsp_rpt_sodsos,2017-04-14 09:46:35.257,2017-04-14 09:46:35.257
dbo,vsp_rpt_sointc,2017-04-14 09:46:34.900,2017-04-14 09:46:34.900
dbo,vsp_rpt_soints,2017-04-14 09:46:34.940,2017-04-14 09:46:34.940
dbo,vsp_rpt_soktrs,2017-04-14 09:46:34.343,2017-04-14 09:46:34.343
dbo,vsp_rpt_soline,2017-04-14 09:46:34.370,2017-04-14 09:46:34.370
dbo,vsp_rpt_solist,2017-04-14 09:46:34.397,2017-05-23 14:59:05.387
dbo,vsp_rpt_solost,2017-04-14 09:46:34.417,2017-04-14 09:46:34.417
dbo,vsp_rpt_solssm,2017-04-14 10:25:46.360,2017-04-14 10:25:46.360
dbo,vsp_rpt_soopen,2017-04-14 09:46:34.440,2017-05-04 01:53:17.477
dbo,vsp_rpt_sorcrs,2017-04-14 09:46:34.460,2017-04-14 09:46:34.460
dbo,vsp_rpt_sorcvr,2017-04-14 09:46:35.140,2017-04-14 09:46:35.140
dbo,vsp_rpt_sorelb,2017-04-14 09:46:34.480,2017-04-14 09:46:34.480
dbo,vsp_rpt_soritr,2017-04-14 09:46:34.850,2017-04-14 09:46:34.850
dbo,vsp_rpt_soscst,2017-04-14 09:46:34.963,2017-04-14 09:46:34.963
dbo,vsp_rpt_soship,2017-04-14 09:46:34.510,2017-04-14 09:46:34.510
dbo,vsp_rpt_soshpt,2017-04-14 09:46:36.103,2017-04-14 09:46:36.103
dbo,vsp_rpt_soslip,2017-04-14 09:46:34.540,2019-01-22 07:20:38.657
dbo,vsp_rpt_sosorb,2017-04-14 09:46:34.567,2017-04-14 09:46:34.567
dbo,vsp_rpt_sosord,2017-04-14 09:46:34.590,2017-04-14 10:21:44.640
dbo,vsp_rpt_sosptr,2017-04-14 09:46:34.617,2017-04-14 09:46:34.617
dbo,vsp_rpt_sosumm,2017-04-14 09:46:34.637,2017-04-14 09:46:34.637
dbo,vsp_sotappq_valid_so,2017-04-14 09:46:35.647,2017-04-14 09:46:35.647
dbo,vsp_sotcopn_cancel,2017-04-14 09:46:35.687,2017-04-14 09:46:35.687
dbo,vsp_sotimpt_validatelineitem,2017-04-14 09:46:35.720,2017-04-14 10:40:46.540
dbo,vsp_sotimpt_validateso,2017-04-14 09:46:35.773,2017-04-14 09:46:35.773
dbo,vsp_sotimpx_validateso,2017-04-14 10:26:51.613,2017-04-14 10:26:51.613
dbo,vsp_sotrch2_validate,2017-04-14 09:46:36.127,2017-04-14 09:46:36.127
dbo,vsp_sotrcrg_generate,2017-04-14 09:46:35.867,2017-04-14 09:46:35.867
dbo,vsp_sotship_updktsp,2017-04-14 09:46:35.907,2017-04-14 09:46:35.907
dbo,vsp_sotship_updtavgsn,2017-04-14 09:46:35.923,2017-04-14 09:46:35.923
dbo,vsp_sotship_updtkit,2017-04-14 09:46:35.943,2017-04-14 09:46:35.943
dbo,vsp_sotship_updtlot,2017-04-14 09:46:35.963,2017-04-14 09:46:35.963
dbo,vsp_sotship_updtmodikit,2017-04-14 09:46:35.983,2017-04-14 09:46:35.983
dbo,vsp_sotship_updtsp,2017-04-14 09:46:36.003,2017-04-14 09:46:36.003
dbo,vsp_sotship_validate,2017-04-14 09:46:36.020,2017-04-14 09:46:36.020
dbo,vsp_sotsord_okcopy,2017-04-14 09:46:36.043,2017-04-14 09:46:36.043
dbo,vsp_sotsord_podata,2017-04-14 09:46:36.150,2017-04-14 09:46:36.150
dbo,vsp_sotsord_podrills,2017-04-14 09:46:36.173,2017-04-14 09:46:36.173
dbo,vsp_sotsord_validate,2017-04-14 09:46:36.073,2021-09-15 13:03:31.640
dbo,vsp_za_getnewdocno,2017-04-14 10:26:16.653,2017-04-14 10:26:16.653
dbo,vsp_za_stdcostadj,2017-04-14 10:22:33.957,2017-04-14 10:22:33.957
